,mean_fit_time,std_fit_time,mean_score_time,std_score_time,param_algorithm,param_leaf_size,param_n_neighbors,param_weights,params,split0_test_score,split1_test_score,split2_test_score,mean_test_score,std_test_score,rank_test_score
0,0.020012299219767254,0.0025608430137246904,0.35327569643656415,0.0033832766903422796,ball_tree,1,1,uniform,"{'algorithm': 'ball_tree', 'leaf_size': 1, 'n_neighbors': 1, 'weights': 'uniform'}",0.6421082459620289,0.621422499291584,0.6381411164635874,0.6338906205724001,0.008963818580612671,219
1,0.01904010772705078,0.002938670311291592,0.294935941696167,0.005472598169413345,ball_tree,1,1,distance,"{'algorithm': 'ball_tree', 'leaf_size': 1, 'n_neighbors': 1, 'weights': 'distance'}",0.6421082459620289,0.621422499291584,0.6381411164635874,0.6338906205724001,0.008963818580612671,219
2,0.019993384679158527,0.004306876522789146,0.4564637343088786,0.04457132444919767,ball_tree,1,3,uniform,"{'algorithm': 'ball_tree', 'leaf_size': 1, 'n_neighbors': 3, 'weights': 'uniform'}",0.6945310286200057,0.687730235194106,0.6933975630490223,0.6918862756210448,0.0029749722769478624,149
3,0.02029895782470703,0.003370504842330241,0.3977595965067546,0.017239999394440746,ball_tree,1,3,distance,"{'algorithm': 'ball_tree', 'leaf_size': 1, 'n_neighbors': 3, 'weights': 'distance'}",0.6616605270614905,0.6469254746387079,0.6596769623122698,0.6560876546708226,0.006529052482775265,210
4,0.029877185821533203,0.005920978315768978,0.4801646868387858,0.04651729181701572,ball_tree,1,5,uniform,"{'algorithm': 'ball_tree', 'leaf_size': 1, 'n_neighbors': 5, 'weights': 'uniform'}",0.7234344006800794,0.720884103145367,0.720884103145367,0.7217342023236043,0.0012022217872256317,97
5,0.02711772918701172,0.005503835852345736,0.4398929278055827,0.048076780758702434,ball_tree,1,5,distance,"{'algorithm': 'ball_tree', 'leaf_size': 1, 'n_neighbors': 5, 'weights': 'distance'}",0.678095777840748,0.6568432983848116,0.6814961745536979,0.6721450835930858,0.010908686061161868,188
6,0.015808502833048504,0.0013913060536968227,0.5378875732421875,0.008864474003443874,ball_tree,1,10,uniform,"{'algorithm': 'ball_tree', 'leaf_size': 1, 'n_neighbors': 10, 'weights': 'uniform'}",0.7531878719183904,0.7565882686313403,0.7551714366676112,0.754982525739114,0.001394618216702902,68
7,0.019511938095092773,0.0030174633831840914,0.5097990036010742,0.027502088594469114,ball_tree,1,10,distance,"{'algorithm': 'ball_tree', 'leaf_size': 1, 'n_neighbors': 10, 'weights': 'distance'}",0.6962312269764805,0.6837631056956645,0.693964295834514,0.691319542835553,0.00542276380255307,175
8,0.01897255579630534,0.0030589216393474353,0.7215255896250407,0.05121736305858161,ball_tree,1,25,uniform,"{'algorithm': 'ball_tree', 'leaf_size': 1, 'n_neighbors': 25, 'weights': 'uniform'}",0.7599886653442902,0.7611221309152735,0.7619722300935109,0.7610276754510249,0.0008125366267160061,54
9,0.018917322158813477,0.0029607361531891994,0.6245361169179281,0.0070449003195567845,ball_tree,1,25,distance,"{'algorithm': 'ball_tree', 'leaf_size': 1, 'n_neighbors': 25, 'weights': 'distance'}",0.7140833097194673,0.6996316236894304,0.7194672711816379,0.711060734863512,0.008375169527783482,129
10,0.021574974060058594,0.006675953914888658,0.8225200176239014,0.048549149335706816,ball_tree,1,50,uniform,"{'algorithm': 'ball_tree', 'leaf_size': 1, 'n_neighbors': 50, 'weights': 'uniform'}",0.761688863700765,0.7619722300935109,0.761688863700765,0.7617833191650137,0.00013358019858063737,19
11,0.020019054412841797,0.003605203739889033,0.7317612965901693,0.030022374716424056,ball_tree,1,50,distance,"{'algorithm': 'ball_tree', 'leaf_size': 1, 'n_neighbors': 50, 'weights': 'distance'}",0.7214508359308586,0.7115330121847548,0.7265514310002834,0.7198450930386322,0.00623549161957083,114
12,0.022344271341959637,0.000705794766728551,0.894264300664266,0.030667253134183423,ball_tree,1,100,uniform,"{'algorithm': 'ball_tree', 'leaf_size': 1, 'n_neighbors': 100, 'weights': 'uniform'}",0.7619722300935109,0.7619722300935109,0.7619722300935109,0.7619722300935109,0.0,1
13,0.017956018447875977,0.0036060442620498984,0.7429753144582113,0.011442458569911516,ball_tree,1,100,distance,"{'algorithm': 'ball_tree', 'leaf_size': 1, 'n_neighbors': 100, 'weights': 'distance'}",0.7274015301785208,0.7177670728251629,0.7296684613204873,0.724945688108057,0.005159724297250447,73
14,0.020152886708577473,0.004639347632379555,0.280509074529012,0.003049461911348234,ball_tree,5,1,uniform,"{'algorithm': 'ball_tree', 'leaf_size': 5, 'n_neighbors': 1, 'weights': 'uniform'}",0.6409747803910456,0.6208557665060924,0.6384244828563332,0.6334183432511571,0.008943890102023826,231
15,0.019891897837320965,0.001415746056032701,0.21628578503926596,0.008502446005506084,ball_tree,5,1,distance,"{'algorithm': 'ball_tree', 'leaf_size': 5, 'n_neighbors': 1, 'weights': 'distance'}",0.6409747803910456,0.6208557665060924,0.6384244828563332,0.6334183432511571,0.008943890102023826,231
16,0.016152461369832356,0.0036021718457611073,0.34059492746988934,0.010294555610870719,ball_tree,5,3,uniform,"{'algorithm': 'ball_tree', 'leaf_size': 5, 'n_neighbors': 3, 'weights': 'uniform'}",0.695664494190989,0.6880136015868518,0.6933975630490223,0.6923585529422877,0.0032087064799212472,146
17,0.020587603251139324,0.0038443585295185444,0.2602226734161377,0.01919302921123721,ball_tree,5,3,distance,"{'algorithm': 'ball_tree', 'leaf_size': 5, 'n_neighbors': 3, 'weights': 'distance'}",0.6616605270614905,0.6469254746387079,0.6588268631340323,0.6558042882780768,0.006383959667031545,212
18,0.01675732930501302,0.004107692899684593,0.32935404777526855,0.01986028495240573,ball_tree,5,5,uniform,"{'algorithm': 'ball_tree', 'leaf_size': 5, 'n_neighbors': 5, 'weights': 'uniform'}",0.7237177670728252,0.720884103145367,0.7217342023236044,0.7221120241805989,0.0011872867752882406,93
19,0.015604893366495768,0.002157766122386496,0.2777593930562337,0.02405671062611514,ball_tree,5,5,distance,"{'algorithm': 'ball_tree', 'leaf_size': 5, 'n_neighbors': 5, 'weights': 'distance'}",0.678095777840748,0.6571266647775574,0.6820629073391896,0.6724284499858317,0.010940536307222241,185
20,0.020252386728922527,0.005669272623080426,0.40798457463582355,0.045496924519120956,ball_tree,5,10,uniform,"{'algorithm': 'ball_tree', 'leaf_size': 5, 'n_neighbors': 10, 'weights': 'uniform'}",0.7534712383111363,0.7565882686313403,0.7554548030603571,0.7551714366676112,0.0012882007836956641,57
21,0.01850732167561849,0.0037277674352488178,0.3257022698720296,0.020189724041384055,ball_tree,5,10,distance,"{'algorithm': 'ball_tree', 'leaf_size': 5, 'n_neighbors': 10, 'weights': 'distance'}",0.6962312269764805,0.6843298384811561,0.693964295834514,0.6915084537640502,0.005159724297250447,167
22,0.016882658004760742,0.0053184826325625885,0.45683685938517254,0.06121906413945321,ball_tree,5,25,uniform,"{'algorithm': 'ball_tree', 'leaf_size': 5, 'n_neighbors': 25, 'weights': 'uniform'}",0.760272031737036,0.7611221309152735,0.7619722300935109,0.7611221309152735,0.0006941030724803665,40
23,0.02314297358194987,0.004693804950252725,0.5178050994873047,0.07249110620831867,ball_tree,5,25,distance,"{'algorithm': 'ball_tree', 'leaf_size': 5, 'n_neighbors': 25, 'weights': 'distance'}",0.7140833097194673,0.6996316236894304,0.7194672711816379,0.711060734863512,0.008375169527783482,129
24,0.02650308609008789,0.004017411018391159,0.6254185835520426,0.027640743744255136,ball_tree,5,50,uniform,"{'algorithm': 'ball_tree', 'leaf_size': 5, 'n_neighbors': 50, 'weights': 'uniform'}",0.761688863700765,0.7619722300935109,0.761688863700765,0.7617833191650137,0.00013358019858063737,19
25,0.01576574643452962,0.0018794991044559222,0.5240929921468099,0.023949527175983615,ball_tree,5,50,distance,"{'algorithm': 'ball_tree', 'leaf_size': 5, 'n_neighbors': 50, 'weights': 'distance'}",0.7214508359308586,0.7115330121847548,0.7265514310002834,0.7198450930386322,0.00623549161957083,114
26,0.02709801991780599,0.009065507019815114,0.6958609422047933,0.031777203187081306,ball_tree,5,100,uniform,"{'algorithm': 'ball_tree', 'leaf_size': 5, 'n_neighbors': 100, 'weights': 'uniform'}",0.7619722300935109,0.7619722300935109,0.7619722300935109,0.7619722300935109,0.0,1
27,0.02295406659444173,0.005743469426926429,0.640242338180542,0.06508628131834382,ball_tree,5,100,distance,"{'algorithm': 'ball_tree', 'leaf_size': 5, 'n_neighbors': 100, 'weights': 'distance'}",0.7274015301785208,0.7177670728251629,0.7296684613204873,0.724945688108057,0.005159724297250447,73
28,0.02724798520406087,0.00455808435973595,0.30444566408793133,0.01699201882194021,ball_tree,10,1,uniform,"{'algorithm': 'ball_tree', 'leaf_size': 10, 'n_neighbors': 1, 'weights': 'uniform'}",0.6409747803910456,0.6208557665060924,0.6378577500708416,0.6332294323226598,0.008841556190676505,235
29,0.022304614384969074,0.006134004773266295,0.23685693740844727,0.015576775899257603,ball_tree,10,1,distance,"{'algorithm': 'ball_tree', 'leaf_size': 10, 'n_neighbors': 1, 'weights': 'distance'}",0.6409747803910456,0.6208557665060924,0.6378577500708416,0.6332294323226598,0.008841556190676505,235
30,0.02005632718404134,0.003630033124061067,0.37759240468343097,0.024059524074943016,ball_tree,10,3,uniform,"{'algorithm': 'ball_tree', 'leaf_size': 10, 'n_neighbors': 3, 'weights': 'uniform'}",0.6962312269764805,0.6871635024086143,0.6916973646925475,0.6916973646925474,0.003701883053228546,158
31,0.020670970280965168,0.005508010079894282,0.2632766564687093,0.015723017824231692,ball_tree,10,3,distance,"{'algorithm': 'ball_tree', 'leaf_size': 10, 'n_neighbors': 3, 'weights': 'distance'}",0.662510626239728,0.646642108245962,0.6579767639557949,0.6557098328138283,0.006673664582093413,213
32,0.019383033116658527,0.004707389430198571,0.37428561846415204,0.08203216061807533,ball_tree,10,5,uniform,"{'algorithm': 'ball_tree', 'leaf_size': 10, 'n_neighbors': 5, 'weights': 'uniform'}",0.7240011334655709,0.720884103145367,0.720884103145367,0.7219231132521017,0.0014693821843868543,94
33,0.013081073760986328,0.0003652132184536779,0.37807361284891766,0.026017526889182265,ball_tree,10,5,distance,"{'algorithm': 'ball_tree', 'leaf_size': 10, 'n_neighbors': 5, 'weights': 'distance'}",0.678095777840748,0.6574100311703032,0.6814961745536979,0.672333994521583,0.010643752033755728,186
34,0.019856691360473633,0.001390354633367413,0.5323059558868408,0.016801125185957624,ball_tree,10,10,uniform,"{'algorithm': 'ball_tree', 'leaf_size': 10, 'n_neighbors': 10, 'weights': 'uniform'}",0.7534712383111363,0.7574383678095777,0.7551714366676112,0.7553603475961084,0.0016250732534320552,55
35,0.034988721211751304,0.016070365995762732,0.383134921391805,0.02343331292464393,ball_tree,10,10,distance,"{'algorithm': 'ball_tree', 'leaf_size': 10, 'n_neighbors': 10, 'weights': 'distance'}",0.6965145933692264,0.6840464720884103,0.6936809294417682,0.6914139982998017,0.005336524753688686,169
36,0.024521271387736004,0.010856892086317306,0.42255139350891113,0.022084368883377763,ball_tree,10,25,uniform,"{'algorithm': 'ball_tree', 'leaf_size': 10, 'n_neighbors': 25, 'weights': 'uniform'}",0.760272031737036,0.7611221309152735,0.7619722300935109,0.7611221309152735,0.0006941030724803665,40
37,0.0187686284383138,0.004011929141402072,0.354442040125529,0.033493134494855366,ball_tree,10,25,distance,"{'algorithm': 'ball_tree', 'leaf_size': 10, 'n_neighbors': 25, 'weights': 'distance'}",0.7140833097194673,0.6996316236894304,0.7194672711816379,0.711060734863512,0.008375169527783482,129
38,0.021747907002766926,0.004592484132906193,0.49770935376485187,0.0472542790656916,ball_tree,10,50,uniform,"{'algorithm': 'ball_tree', 'leaf_size': 10, 'n_neighbors': 50, 'weights': 'uniform'}",0.761688863700765,0.7619722300935109,0.761688863700765,0.7617833191650137,0.00013358019858063737,19
39,0.016936620076497395,0.0030716617786947335,0.3738073507944743,0.05012110133623047,ball_tree,10,50,distance,"{'algorithm': 'ball_tree', 'leaf_size': 10, 'n_neighbors': 50, 'weights': 'distance'}",0.7214508359308586,0.7115330121847548,0.7265514310002834,0.7198450930386322,0.00623549161957083,114
40,0.02556133270263672,0.006470740467827577,0.5354366302490234,0.0026996882737792952,ball_tree,10,100,uniform,"{'algorithm': 'ball_tree', 'leaf_size': 10, 'n_neighbors': 100, 'weights': 'uniform'}",0.7619722300935109,0.7619722300935109,0.7619722300935109,0.7619722300935109,0.0,1
41,0.017613331476847332,0.004142647719996713,0.46169137954711914,0.020625715743535125,ball_tree,10,100,distance,"{'algorithm': 'ball_tree', 'leaf_size': 10, 'n_neighbors': 100, 'weights': 'distance'}",0.7274015301785208,0.7177670728251629,0.7296684613204873,0.724945688108057,0.005159724297250447,73
42,0.01877760887145996,0.0026835800552127364,0.25049670537312824,0.006931449415722841,ball_tree,50,1,uniform,"{'algorithm': 'ball_tree', 'leaf_size': 50, 'n_neighbors': 1, 'weights': 'uniform'}",0.6412581467837914,0.6219892320770757,0.6384244828563332,0.6338906205724001,0.008494692417461827,219
43,0.017674605051676433,0.002580437742045686,0.18584195772806802,0.014020814950500908,ball_tree,50,1,distance,"{'algorithm': 'ball_tree', 'leaf_size': 50, 'n_neighbors': 1, 'weights': 'distance'}",0.6412581467837914,0.6219892320770757,0.6384244828563332,0.6338906205724001,0.008494692417461827,219
44,0.01875003178914388,0.0005284932143690075,0.31286923090616864,0.022215991233388344,ball_tree,50,3,uniform,"{'algorithm': 'ball_tree', 'leaf_size': 50, 'n_neighbors': 3, 'weights': 'uniform'}",0.6928308302635308,0.6874468688013602,0.6933975630490223,0.6912250873713045,0.002681603771904838,178
45,0.023869752883911133,0.000882526072143479,0.21611579259236655,0.01456027978352812,ball_tree,50,3,distance,"{'algorithm': 'ball_tree', 'leaf_size': 50, 'n_neighbors': 3, 'weights': 'distance'}",0.6602436950977614,0.6472088410314537,0.6596769623122698,0.6557098328138283,0.006015559961496405,213
46,0.017376263936360676,0.0031160120753735768,0.31851808230082196,0.017034462036587837,ball_tree,50,5,uniform,"{'algorithm': 'ball_tree', 'leaf_size': 50, 'n_neighbors': 5, 'weights': 'uniform'}",0.7240011334655709,0.7206007367526212,0.7206007367526212,0.7217342023236045,0.0016029623829674916,96
47,0.017536004384358723,0.004414730960436993,0.23674869537353516,0.013033190582259274,ball_tree,50,5,distance,"{'algorithm': 'ball_tree', 'leaf_size': 50, 'n_neighbors': 5, 'weights': 'distance'}",0.6783791442334939,0.6568432983848116,0.6814961745536979,0.6722395390573345,0.010960904452916698,187
48,0.017559051513671875,0.0018130789848662112,0.34554274876912433,0.029521604703348782,ball_tree,50,10,uniform,"{'algorithm': 'ball_tree', 'leaf_size': 50, 'n_neighbors': 10, 'weights': 'uniform'}",0.7531878719183904,0.7574383678095777,0.7548880702748654,0.7551714366676112,0.0017467877594131427,57
49,0.018808762232462566,0.00026958976936309606,0.2645724614461263,0.028256190321103616,ball_tree,50,10,distance,"{'algorithm': 'ball_tree', 'leaf_size': 50, 'n_neighbors': 10, 'weights': 'distance'}",0.6965145933692264,0.6840464720884103,0.6933975630490223,0.6913195428355531,0.0052979328090602225,173
50,0.015765666961669922,0.0026421018187381766,0.37442660331726074,0.0023089497334715485,ball_tree,50,25,uniform,"{'algorithm': 'ball_tree', 'leaf_size': 50, 'n_neighbors': 25, 'weights': 'uniform'}",0.760272031737036,0.7611221309152735,0.7619722300935109,0.7611221309152735,0.0006941030724803665,40
51,0.018872658411661785,0.0008885110000267964,0.30560731887817383,0.0015939162134213905,ball_tree,50,25,distance,"{'algorithm': 'ball_tree', 'leaf_size': 50, 'n_neighbors': 25, 'weights': 'distance'}",0.7137999433267215,0.6999149900821763,0.719183904788892,0.7109662793992633,0.008117676471092993,143
52,0.01869813601175944,0.0018106070998278143,0.45264403025309247,0.03297997182005904,ball_tree,50,50,uniform,"{'algorithm': 'ball_tree', 'leaf_size': 50, 'n_neighbors': 50, 'weights': 'uniform'}",0.761688863700765,0.7619722300935109,0.761688863700765,0.7617833191650137,0.00013358019858063737,19
53,0.012698888778686523,0.0012665526942704879,0.39916173617045086,0.0192600776941512,ball_tree,50,50,distance,"{'algorithm': 'ball_tree', 'leaf_size': 50, 'n_neighbors': 50, 'weights': 'distance'}",0.7214508359308586,0.7115330121847548,0.7265514310002834,0.7198450930386322,0.00623549161957083,114
54,0.016991376876831055,0.002470405167849787,0.5329623222351074,0.028980394923973803,ball_tree,50,100,uniform,"{'algorithm': 'ball_tree', 'leaf_size': 50, 'n_neighbors': 100, 'weights': 'uniform'}",0.7619722300935109,0.7619722300935109,0.7619722300935109,0.7619722300935109,0.0,1
55,0.019749164581298828,0.006673629969944112,0.45581404368082684,0.018631896248924678,ball_tree,50,100,distance,"{'algorithm': 'ball_tree', 'leaf_size': 50, 'n_neighbors': 100, 'weights': 'distance'}",0.7274015301785208,0.7177670728251629,0.7296684613204873,0.724945688108057,0.005159724297250447,73
56,0.01936626434326172,0.0007824791946873421,0.27391648292541504,0.02059656233670486,ball_tree,100,1,uniform,"{'algorithm': 'ball_tree', 'leaf_size': 100, 'n_neighbors': 1, 'weights': 'uniform'}",0.6426749787475206,0.6225559648625673,0.6361575517143667,0.6337961651081515,0.008381558723520954,223
57,0.016098419825236004,0.0032852110986730833,0.1981970469156901,0.0021079819925232347,ball_tree,100,1,distance,"{'algorithm': 'ball_tree', 'leaf_size': 100, 'n_neighbors': 1, 'weights': 'distance'}",0.6426749787475206,0.6225559648625673,0.6361575517143667,0.6337961651081515,0.008381558723520954,223
58,0.018210331598917644,0.002131534602325681,0.30618898073832196,0.02259715833559857,ball_tree,100,3,uniform,"{'algorithm': 'ball_tree', 'leaf_size': 100, 'n_neighbors': 3, 'weights': 'uniform'}",0.6945310286200057,0.6885803343723434,0.6925474638707849,0.6918862756210448,0.0024739398986887403,149
59,0.011727571487426758,0.00034058481372672994,0.22863380114237467,0.00531233558651833,ball_tree,100,3,distance,"{'algorithm': 'ball_tree', 'leaf_size': 100, 'n_neighbors': 3, 'weights': 'distance'}",0.662510626239728,0.6480589402096911,0.6585434967412865,0.6563710210635686,0.006096586214453569,201
60,0.015950361887613933,0.0030062630434781064,0.31156198183695477,0.03717078440144045,ball_tree,100,5,uniform,"{'algorithm': 'ball_tree', 'leaf_size': 100, 'n_neighbors': 5, 'weights': 'uniform'}",0.7242844998583168,0.7206007367526212,0.7220175687163503,0.7223009351090961,0.0015171794091063406,92
61,0.017369667689005535,0.0010785621259429025,0.2746897538503011,0.03791563950722279,ball_tree,100,5,distance,"{'algorithm': 'ball_tree', 'leaf_size': 100, 'n_neighbors': 5, 'weights': 'distance'}",0.6789458770189856,0.6565599319920657,0.6823462737319353,0.6726173609143289,0.011438864808086202,181
62,0.019937674204508465,0.007087219620257084,0.3459933598836263,0.0388526357483593,ball_tree,100,10,uniform,"{'algorithm': 'ball_tree', 'leaf_size': 100, 'n_neighbors': 10, 'weights': 'uniform'}",0.7526211391328989,0.7568716350240862,0.7548880702748654,0.7547936148106168,0.001736542581548149,71
63,0.017034371693929035,0.0011738556168187314,0.2676936785380046,0.0225287092100875,ball_tree,100,10,distance,"{'algorithm': 'ball_tree', 'leaf_size': 100, 'n_neighbors': 10, 'weights': 'distance'}",0.6965145933692264,0.6840464720884103,0.6936809294417682,0.6914139982998017,0.005336524753688686,169
64,0.017786264419555664,0.004611915950303144,0.42337671915690106,0.010020433272752347,ball_tree,100,25,uniform,"{'algorithm': 'ball_tree', 'leaf_size': 100, 'n_neighbors': 25, 'weights': 'uniform'}",0.760272031737036,0.7611221309152735,0.7619722300935109,0.7611221309152735,0.0006941030724803665,40
65,0.020236889521280926,0.002792256296021895,0.33512576421101886,0.01967077853981233,ball_tree,100,25,distance,"{'algorithm': 'ball_tree', 'leaf_size': 100, 'n_neighbors': 25, 'weights': 'distance'}",0.7137999433267215,0.6996316236894304,0.7194672711816379,0.7109662793992633,0.008342080727616757,143
66,0.01235040028889974,0.0009043226518074467,0.43573705355326336,0.01609879838705389,ball_tree,100,50,uniform,"{'algorithm': 'ball_tree', 'leaf_size': 100, 'n_neighbors': 50, 'weights': 'uniform'}",0.761688863700765,0.7619722300935109,0.761688863700765,0.7617833191650137,0.00013358019858063737,19
67,0.014994621276855469,0.0029397917927124124,0.3869473139444987,0.019197751874210633,ball_tree,100,50,distance,"{'algorithm': 'ball_tree', 'leaf_size': 100, 'n_neighbors': 50, 'weights': 'distance'}",0.7214508359308586,0.7115330121847548,0.7265514310002834,0.7198450930386322,0.00623549161957083,114
68,0.01681963602701823,0.004161589864045155,0.509667714436849,0.0012389664009746812,ball_tree,100,100,uniform,"{'algorithm': 'ball_tree', 'leaf_size': 100, 'n_neighbors': 100, 'weights': 'uniform'}",0.7619722300935109,0.7619722300935109,0.7619722300935109,0.7619722300935109,0.0,1
69,0.016838550567626953,0.007009460520433125,0.4850497245788574,0.13200171021721938,ball_tree,100,100,distance,"{'algorithm': 'ball_tree', 'leaf_size': 100, 'n_neighbors': 100, 'weights': 'distance'}",0.7274015301785208,0.7177670728251629,0.7296684613204873,0.724945688108057,0.005159724297250447,73
70,0.016092697779337566,0.0021151837786190096,0.2863473097483317,0.017132183839024172,ball_tree,500,1,uniform,"{'algorithm': 'ball_tree', 'leaf_size': 500, 'n_neighbors': 1, 'weights': 'uniform'}",0.6409747803910456,0.61830546897138,0.6384244828563332,0.6325682440729196,0.010138904266132988,237
71,0.012575626373291016,0.003228063548122876,0.19139496485392252,0.005010981002958587,ball_tree,500,1,distance,"{'algorithm': 'ball_tree', 'leaf_size': 500, 'n_neighbors': 1, 'weights': 'distance'}",0.6409747803910456,0.61830546897138,0.6384244828563332,0.6325682440729196,0.010138904266132988,237
72,0.013938983281453451,0.00393106486215589,0.3043150107065837,0.01680509317038324,ball_tree,500,3,uniform,"{'algorithm': 'ball_tree', 'leaf_size': 500, 'n_neighbors': 3, 'weights': 'uniform'}",0.6967979597619722,0.687730235194106,0.6928308302635308,0.6924530084065363,0.003711510853761856,145
73,0.012400309244791666,0.0030989861174145,0.270371675491333,0.015415143006128916,ball_tree,500,3,distance,"{'algorithm': 'ball_tree', 'leaf_size': 500, 'n_neighbors': 3, 'weights': 'distance'}",0.6630773590252196,0.646642108245962,0.6599603287050155,0.6565599319920657,0.007127476898049851,200
74,0.012524922688802084,0.0013265937160400676,0.34845829010009766,0.08666982662710133,ball_tree,500,5,uniform,"{'algorithm': 'ball_tree', 'leaf_size': 500, 'n_neighbors': 5, 'weights': 'uniform'}",0.7225843015018418,0.7197506375743836,0.7206007367526212,0.7209785586096156,0.0011872867752882289,107
75,0.017342249552408855,0.006963411748368452,0.24190044403076172,0.022325328072701902,ball_tree,500,5,distance,"{'algorithm': 'ball_tree', 'leaf_size': 500, 'n_neighbors': 5, 'weights': 'distance'}",0.6772456786625106,0.6565599319920657,0.6814961745536979,0.6717672617360915,0.010892316475017186,197
76,0.014094034830729166,0.0027162572288940054,0.3862460454305013,0.013767443078137778,ball_tree,500,10,uniform,"{'algorithm': 'ball_tree', 'leaf_size': 500, 'n_neighbors': 10, 'weights': 'uniform'}",0.7529045055256447,0.757155001416832,0.7548880702748654,0.7549825257391141,0.001736542581548151,60
77,0.01711098353068034,0.001433566398926146,0.2833683490753174,0.00963217731923262,ball_tree,500,10,distance,"{'algorithm': 'ball_tree', 'leaf_size': 500, 'n_neighbors': 10, 'weights': 'distance'}",0.6962312269764805,0.6837631056956645,0.693964295834514,0.691319542835553,0.00542276380255307,175
78,0.01677989959716797,0.0059857271541773355,0.43538379669189453,0.016661893876510226,ball_tree,500,25,uniform,"{'algorithm': 'ball_tree', 'leaf_size': 500, 'n_neighbors': 25, 'weights': 'uniform'}",0.7605553981297818,0.7611221309152735,0.7619722300935109,0.761216586379522,0.0005822625864710456,37
79,0.010257244110107422,4.317812469059745e-05,0.36021939913431805,0.04147623160704398,ball_tree,500,25,distance,"{'algorithm': 'ball_tree', 'leaf_size': 500, 'n_neighbors': 25, 'weights': 'distance'}",0.7140833097194673,0.6996316236894304,0.7194672711816379,0.711060734863512,0.008375169527783482,129
80,0.01310435930887858,0.0027781213335970633,0.4524482885996501,0.025889458631128688,ball_tree,500,50,uniform,"{'algorithm': 'ball_tree', 'leaf_size': 500, 'n_neighbors': 50, 'weights': 'uniform'}",0.761688863700765,0.7619722300935109,0.761688863700765,0.7617833191650137,0.00013358019858063737,19
81,0.012530803680419922,0.0020912432518906125,0.420010248819987,0.02624114276444428,ball_tree,500,50,distance,"{'algorithm': 'ball_tree', 'leaf_size': 500, 'n_neighbors': 50, 'weights': 'distance'}",0.7214508359308586,0.7115330121847548,0.7265514310002834,0.7198450930386322,0.00623549161957083,114
82,0.016220966974894207,0.00044424832397583553,0.5887273152669271,0.03286122408914611,ball_tree,500,100,uniform,"{'algorithm': 'ball_tree', 'leaf_size': 500, 'n_neighbors': 100, 'weights': 'uniform'}",0.7619722300935109,0.7619722300935109,0.7619722300935109,0.7619722300935109,0.0,1
83,0.013810475667317709,0.002460260439475776,0.43381786346435547,0.08560947900097916,ball_tree,500,100,distance,"{'algorithm': 'ball_tree', 'leaf_size': 500, 'n_neighbors': 100, 'weights': 'distance'}",0.7274015301785208,0.7177670728251629,0.7296684613204873,0.724945688108057,0.005159724297250447,73
84,0.032978057861328125,0.00912951506787201,0.2560909589131673,0.009091167601371875,kd_tree,1,1,uniform,"{'algorithm': 'kd_tree', 'leaf_size': 1, 'n_neighbors': 1, 'weights': 'uniform'}",0.6429583451402664,0.6200056673278549,0.6395579484273165,0.634173986965146,0.010114235362751361,217
85,0.016084988911946613,0.002004153821061139,0.1668070157368978,0.02083079579741346,kd_tree,1,1,distance,"{'algorithm': 'kd_tree', 'leaf_size': 1, 'n_neighbors': 1, 'weights': 'distance'}",0.6429583451402664,0.6200056673278549,0.6395579484273165,0.634173986965146,0.010114235362751361,217
86,0.02144797643025716,0.0054530467391243126,0.38453006744384766,0.08397820073540835,kd_tree,1,3,uniform,"{'algorithm': 'kd_tree', 'leaf_size': 1, 'n_neighbors': 3, 'weights': 'uniform'}",0.6933975630490223,0.687730235194106,0.6911306319070558,0.6907528100500614,0.0023290503458841465,180
87,0.01840972900390625,0.002929652911510202,0.29668498039245605,0.018510851613532133,kd_tree,1,3,distance,"{'algorithm': 'kd_tree', 'leaf_size': 1, 'n_neighbors': 3, 'weights': 'distance'}",0.6613771606687446,0.646642108245962,0.6579767639557949,0.6553320109568338,0.006299549258725998,215
88,0.01935466130574544,0.0021637778846339854,0.4653143882751465,0.01078430644006854,kd_tree,1,5,uniform,"{'algorithm': 'kd_tree', 'leaf_size': 1, 'n_neighbors': 5, 'weights': 'uniform'}",0.7237177670728252,0.720884103145367,0.720884103145367,0.721828657787853,0.001335801985806269,95
89,0.019068002700805664,0.00553596077459769,0.38034264246622723,0.0050012504771672645,kd_tree,1,5,distance,"{'algorithm': 'kd_tree', 'leaf_size': 1, 'n_neighbors': 5, 'weights': 'distance'}",0.6783791442334939,0.6574100311703032,0.6820629073391896,0.6726173609143289,0.010857860013599006,181
90,0.019637028376261394,0.003403629612134325,0.6293250719706217,0.03466737584023834,kd_tree,1,10,uniform,"{'algorithm': 'kd_tree', 'leaf_size': 1, 'n_neighbors': 10, 'weights': 'uniform'}",0.7529045055256447,0.7574383678095777,0.7546047038821195,0.754982525739114,0.0018701227801287438,68
91,0.021761655807495117,0.00030400572179589957,0.5106653372446696,0.00698583435163524,kd_tree,1,10,distance,"{'algorithm': 'kd_tree', 'leaf_size': 1, 'n_neighbors': 10, 'weights': 'distance'}",0.6967979597619722,0.6837631056956645,0.6933975630490223,0.6913195428355531,0.005520596654841784,173
92,0.017450968424479168,0.0035030571859505353,0.8441574573516846,0.0373380022674764,kd_tree,1,25,uniform,"{'algorithm': 'kd_tree', 'leaf_size': 1, 'n_neighbors': 25, 'weights': 'uniform'}",0.7605553981297818,0.7611221309152735,0.7619722300935109,0.761216586379522,0.0005822625864710456,37
93,0.015043894449869791,8.288703045614801e-05,0.7679244677225748,0.004945564043872259,kd_tree,1,25,distance,"{'algorithm': 'kd_tree', 'leaf_size': 1, 'n_neighbors': 25, 'weights': 'distance'}",0.7140833097194673,0.6999149900821763,0.719183904788892,0.711060734863512,0.008151676210594658,129
94,0.023531993230183918,0.0004647358248175423,1.1025337378184001,0.03612887743438748,kd_tree,1,50,uniform,"{'algorithm': 'kd_tree', 'leaf_size': 1, 'n_neighbors': 50, 'weights': 'uniform'}",0.761688863700765,0.7619722300935109,0.761688863700765,0.7617833191650137,0.00013358019858063737,19
95,0.023740371068318684,0.005437269001598139,1.0491706530253093,0.05097689300551129,kd_tree,1,50,distance,"{'algorithm': 'kd_tree', 'leaf_size': 1, 'n_neighbors': 50, 'weights': 'distance'}",0.7214508359308586,0.7115330121847548,0.7268347973930291,0.7199395485028809,0.006337673069695383,109
96,0.02848060925801595,0.002415629757516514,1.4027162392934163,0.026254553413999297,kd_tree,1,100,uniform,"{'algorithm': 'kd_tree', 'leaf_size': 1, 'n_neighbors': 100, 'weights': 'uniform'}",0.7619722300935109,0.7619722300935109,0.7619722300935109,0.7619722300935109,0.0,1
97,0.020127296447753906,0.003610123575245795,1.31216033299764,0.02321508319057232,kd_tree,1,100,distance,"{'algorithm': 'kd_tree', 'leaf_size': 1, 'n_neighbors': 100, 'weights': 'distance'}",0.7274015301785208,0.7177670728251629,0.7296684613204873,0.724945688108057,0.005159724297250447,73
98,0.020406802495320637,0.004922337249580875,0.16085433959960938,0.011860634459430001,kd_tree,5,1,uniform,"{'algorithm': 'kd_tree', 'leaf_size': 5, 'n_neighbors': 1, 'weights': 'uniform'}",0.6409747803910456,0.6200056673278549,0.6401246812128082,0.6337017096439029,0.009690780790539812,227
99,0.01690061887105306,0.001978306251560259,0.11396368344624837,0.005680282111066079,kd_tree,5,1,distance,"{'algorithm': 'kd_tree', 'leaf_size': 5, 'n_neighbors': 1, 'weights': 'distance'}",0.6409747803910456,0.6200056673278549,0.6401246812128082,0.6337017096439029,0.009690780790539812,227
100,0.023482720057169598,0.004740393980377195,0.2722806930541992,0.014641468738476318,kd_tree,5,3,uniform,"{'algorithm': 'kd_tree', 'leaf_size': 5, 'n_neighbors': 3, 'weights': 'uniform'}",0.6953811277982431,0.6891470671578351,0.6916973646925475,0.692075186549542,0.0025590284658815413,147
101,0.020064274470011394,0.005982110282092108,0.1698915958404541,0.004695803947033968,kd_tree,5,3,distance,"{'algorithm': 'kd_tree', 'leaf_size': 5, 'n_neighbors': 3, 'weights': 'distance'}",0.662510626239728,0.6474922074241994,0.6582601303485407,0.6560876546708228,0.006320757542012549,203
102,0.016834179560343426,0.0025391356621946863,0.2986179192860921,0.01476577223547713,kd_tree,5,5,uniform,"{'algorithm': 'kd_tree', 'leaf_size': 5, 'n_neighbors': 5, 'weights': 'uniform'}",0.7231510342873335,0.7206007367526212,0.7211674695381127,0.7216397468593558,0.001093401048719206,98
103,0.012813568115234375,5.909350897577273e-05,0.2142666975657145,0.00887468387445651,kd_tree,5,5,distance,"{'algorithm': 'kd_tree', 'leaf_size': 5, 'n_neighbors': 5, 'weights': 'distance'}",0.678095777840748,0.6568432983848116,0.6826296401246812,0.6725229054500802,0.011240597110276529,183
104,0.02071825663248698,0.0029515434940120574,0.339932123819987,0.034499563876565977,kd_tree,5,10,uniform,"{'algorithm': 'kd_tree', 'leaf_size': 5, 'n_neighbors': 10, 'weights': 'uniform'}",0.7529045055256447,0.7568716350240862,0.7546047038821195,0.7547936148106169,0.0016250732534320595,70
105,0.01532443364461263,0.0032452948253029663,0.29656195640563965,0.023820945917052645,kd_tree,5,10,distance,"{'algorithm': 'kd_tree', 'leaf_size': 5, 'n_neighbors': 10, 'weights': 'distance'}",0.6965145933692264,0.6837631056956645,0.693964295834514,0.6914139982998017,0.005509272342086603,169
106,0.01725633939107259,0.003102479291708806,0.4482109546661377,0.03594710055753752,kd_tree,5,25,uniform,"{'algorithm': 'kd_tree', 'leaf_size': 5, 'n_neighbors': 25, 'weights': 'uniform'}",0.7605553981297818,0.7611221309152735,0.761688863700765,0.7611221309152735,0.00046273538165356263,40
107,0.015493392944335938,0.0028596951860762466,0.40610408782958984,0.017347487886888446,kd_tree,5,25,distance,"{'algorithm': 'kd_tree', 'leaf_size': 5, 'n_neighbors': 25, 'weights': 'distance'}",0.7140833097194673,0.7001983564749221,0.7194672711816379,0.7112496457920091,0.008117676471092993,127
108,0.018769025802612305,0.0015063226204005743,0.6962494055430094,0.04665338869319968,kd_tree,5,50,uniform,"{'algorithm': 'kd_tree', 'leaf_size': 5, 'n_neighbors': 50, 'weights': 'uniform'}",0.761688863700765,0.7619722300935109,0.761688863700765,0.7617833191650137,0.00013358019858063737,19
109,0.025148868560791016,0.006677098313639657,0.6268449624379476,0.008117972133265225,kd_tree,5,50,distance,"{'algorithm': 'kd_tree', 'leaf_size': 5, 'n_neighbors': 50, 'weights': 'distance'}",0.7214508359308586,0.7115330121847548,0.7268347973930291,0.7199395485028809,0.006337673069695383,109
110,0.037357330322265625,0.004865596329349414,0.8442513147989908,0.05403413976434052,kd_tree,5,100,uniform,"{'algorithm': 'kd_tree', 'leaf_size': 5, 'n_neighbors': 100, 'weights': 'uniform'}",0.7619722300935109,0.7619722300935109,0.7619722300935109,0.7619722300935109,0.0,1
111,0.021929264068603516,0.0049963100892210024,0.6726576487223307,0.040913668201144886,kd_tree,5,100,distance,"{'algorithm': 'kd_tree', 'leaf_size': 5, 'n_neighbors': 100, 'weights': 'distance'}",0.7274015301785208,0.7177670728251629,0.7296684613204873,0.724945688108057,0.005159724297250447,73
112,0.024361451466878254,0.005512725275886068,0.18384027481079102,0.011219478437771366,kd_tree,10,1,uniform,"{'algorithm': 'kd_tree', 'leaf_size': 10, 'n_neighbors': 1, 'weights': 'uniform'}",0.6412581467837914,0.6200056673278549,0.6389912156418249,0.6334183432511571,0.00952924099000028,231
113,0.014369328816731771,0.003415271852723438,0.09137630462646484,0.0007342461594753451,kd_tree,10,1,distance,"{'algorithm': 'kd_tree', 'leaf_size': 10, 'n_neighbors': 1, 'weights': 'distance'}",0.6412581467837914,0.6200056673278549,0.6389912156418249,0.6334183432511571,0.00952924099000028,231
114,0.01607934633890788,0.003046981091488718,0.21785998344421387,0.010951463977867943,kd_tree,10,3,uniform,"{'algorithm': 'kd_tree', 'leaf_size': 10, 'n_neighbors': 3, 'weights': 'uniform'}",0.6945310286200057,0.687730235194106,0.6902805327288184,0.69084726551431,0.002805184170193157,179
115,0.019045035044352215,0.0015818116005722781,0.13676722844441733,0.010849144171396631,kd_tree,10,3,distance,"{'algorithm': 'kd_tree', 'leaf_size': 10, 'n_neighbors': 3, 'weights': 'distance'}",0.6619438934542363,0.6469254746387079,0.6571266647775574,0.6553320109568338,0.006261193319798447,215
116,0.01612099011739095,0.0019153777081291278,0.22774998346964517,0.009409733228249662,kd_tree,10,5,uniform,"{'algorithm': 'kd_tree', 'leaf_size': 10, 'n_neighbors': 5, 'weights': 'uniform'}",0.7234344006800794,0.720884103145367,0.7206007367526212,0.7216397468593558,0.001274273879591198,98
117,0.01604000727335612,0.0021117915142494685,0.17353105545043945,0.008981996656854143,kd_tree,10,5,distance,"{'algorithm': 'kd_tree', 'leaf_size': 10, 'n_neighbors': 5, 'weights': 'distance'}",0.6778124114480023,0.6568432983848116,0.6814961745536979,0.6720506281288373,0.010857860013598973,190
118,0.014833370844523111,0.00289726366104528,0.2716083526611328,0.016542484239142063,kd_tree,10,10,uniform,"{'algorithm': 'kd_tree', 'leaf_size': 10, 'n_neighbors': 10, 'weights': 'uniform'}",0.7526211391328989,0.7568716350240862,0.7546047038821195,0.7546991593463682,0.001736542581548151,72
119,0.017191966374715168,0.0027448037217298184,0.2108597755432129,0.0072342707094372695,kd_tree,10,10,distance,"{'algorithm': 'kd_tree', 'leaf_size': 10, 'n_neighbors': 10, 'weights': 'distance'}",0.6959478605837348,0.6843298384811561,0.6936809294417682,0.691319542835553,0.005028367490018394,175
120,0.014467716217041016,0.003003132025277433,0.3655560811360677,0.0110906214444244,kd_tree,10,25,uniform,"{'algorithm': 'kd_tree', 'leaf_size': 10, 'n_neighbors': 25, 'weights': 'uniform'}",0.760272031737036,0.7611221309152735,0.7619722300935109,0.7611221309152735,0.0006941030724803665,40
121,0.015468358993530273,0.0026275627845785588,0.2905890146891276,0.007563224619583778,kd_tree,10,25,distance,"{'algorithm': 'kd_tree', 'leaf_size': 10, 'n_neighbors': 25, 'weights': 'distance'}",0.7140833097194673,0.7001983564749221,0.7194672711816379,0.7112496457920091,0.008117676471092993,127
122,0.018214941024780273,0.005962293557221588,0.4244563579559326,0.004878151757409955,kd_tree,10,50,uniform,"{'algorithm': 'kd_tree', 'leaf_size': 10, 'n_neighbors': 50, 'weights': 'uniform'}",0.761688863700765,0.7619722300935109,0.761688863700765,0.7617833191650137,0.00013358019858063737,19
123,0.020038366317749023,0.0038091563723499353,0.3592263062795003,0.024851961483683252,kd_tree,10,50,distance,"{'algorithm': 'kd_tree', 'leaf_size': 10, 'n_neighbors': 50, 'weights': 'distance'}",0.7214508359308586,0.7115330121847548,0.7268347973930291,0.7199395485028809,0.006337673069695383,109
124,0.017047961552937824,0.0035790951623247,0.4988096555074056,0.01977550390333106,kd_tree,10,100,uniform,"{'algorithm': 'kd_tree', 'leaf_size': 10, 'n_neighbors': 100, 'weights': 'uniform'}",0.7619722300935109,0.7619722300935109,0.7619722300935109,0.7619722300935109,0.0,1
125,0.019264062245686848,0.003021770767804457,0.4322493076324463,0.012808831709382415,kd_tree,10,100,distance,"{'algorithm': 'kd_tree', 'leaf_size': 10, 'n_neighbors': 100, 'weights': 'distance'}",0.7274015301785208,0.7177670728251629,0.7296684613204873,0.724945688108057,0.005159724297250447,73
126,0.017541805903116863,0.004532831065499051,0.15965771675109863,0.02577510608795284,kd_tree,50,1,uniform,"{'algorithm': 'kd_tree', 'leaf_size': 50, 'n_neighbors': 1, 'weights': 'uniform'}",0.6418248795692831,0.621422499291584,0.6381411164635874,0.6337961651081515,0.008877808737137402,223
127,0.014945268630981445,0.0026479376279215654,0.09143336613972981,0.010592381030968,kd_tree,50,1,distance,"{'algorithm': 'kd_tree', 'leaf_size': 50, 'n_neighbors': 1, 'weights': 'distance'}",0.6418248795692831,0.621422499291584,0.6381411164635874,0.6337961651081515,0.008877808737137402,223
128,0.01766808827718099,0.001749764822343557,0.1915266513824463,0.004352254345763742,kd_tree,50,3,uniform,"{'algorithm': 'kd_tree', 'leaf_size': 50, 'n_neighbors': 3, 'weights': 'uniform'}",0.6933975630490223,0.687730235194106,0.693964295834514,0.6916973646925474,0.0028147094409655517,158
129,0.017028331756591797,0.003928139741626587,0.12034773826599121,0.0067293156370632785,kd_tree,50,3,distance,"{'algorithm': 'kd_tree', 'leaf_size': 50, 'n_neighbors': 3, 'weights': 'distance'}",0.6602436950977614,0.6472088410314537,0.6599603287050155,0.6558042882780769,0.006078999871428728,211
130,0.01720317204793294,0.0018331868405370667,0.18082674344380698,0.004251149934775055,kd_tree,50,5,uniform,"{'algorithm': 'kd_tree', 'leaf_size': 50, 'n_neighbors': 5, 'weights': 'uniform'}",0.7231510342873335,0.7200340039671295,0.7203173703598753,0.7211674695381127,0.0014073547204828019,100
131,0.019020239512125652,0.002528846653426172,0.14123169581095377,0.01883540745957294,kd_tree,50,5,distance,"{'algorithm': 'kd_tree', 'leaf_size': 50, 'n_neighbors': 5, 'weights': 'distance'}",0.678095777840748,0.6568432983848116,0.6814961745536979,0.6721450835930858,0.010908686061161868,188
132,0.0238650639851888,0.002572429832229759,0.25952744483947754,0.011357501588375828,kd_tree,50,10,uniform,"{'algorithm': 'kd_tree', 'leaf_size': 50, 'n_neighbors': 10, 'weights': 'uniform'}",0.7529045055256447,0.757155001416832,0.7554548030603571,0.7551714366676112,0.0017467877594131427,57
133,0.014055728912353516,0.0035976686875771086,0.15550470352172852,0.009989033608162917,kd_tree,50,10,distance,"{'algorithm': 'kd_tree', 'leaf_size': 50, 'n_neighbors': 10, 'weights': 'distance'}",0.6962312269764805,0.684613204873902,0.6933975630490223,0.6914139982998017,0.0049460763055014486,169
134,0.012528340021769205,0.0014326534174024833,0.2906593481699626,0.023389743551407948,kd_tree,50,25,uniform,"{'algorithm': 'kd_tree', 'leaf_size': 50, 'n_neighbors': 25, 'weights': 'uniform'}",0.7605553981297818,0.7611221309152735,0.761688863700765,0.7611221309152735,0.00046273538165356263,40
135,0.015827417373657227,0.0018139828848116805,0.22655359903971353,0.020978595679467766,kd_tree,50,25,distance,"{'algorithm': 'kd_tree', 'leaf_size': 50, 'n_neighbors': 25, 'weights': 'distance'}",0.7137999433267215,0.7001983564749221,0.719183904788892,0.711060734863512,0.007989168018811924,129
136,0.015641132990519207,0.0016391297176618774,0.34365542729695636,0.01055107642028607,kd_tree,50,50,uniform,"{'algorithm': 'kd_tree', 'leaf_size': 50, 'n_neighbors': 50, 'weights': 'uniform'}",0.761688863700765,0.7619722300935109,0.761688863700765,0.7617833191650137,0.00013358019858063737,19
137,0.016181310017903645,0.000751294391498663,0.28733023007710773,0.018220135986746683,kd_tree,50,50,distance,"{'algorithm': 'kd_tree', 'leaf_size': 50, 'n_neighbors': 50, 'weights': 'distance'}",0.7214508359308586,0.7115330121847548,0.7268347973930291,0.7199395485028809,0.006337673069695383,109
138,0.015285571416219076,0.0006642779850581596,0.4487886428833008,0.03241958921751289,kd_tree,50,100,uniform,"{'algorithm': 'kd_tree', 'leaf_size': 50, 'n_neighbors': 100, 'weights': 'uniform'}",0.7619722300935109,0.7619722300935109,0.7619722300935109,0.7619722300935109,0.0,1
139,0.02209615707397461,0.002708339213748431,0.3718906243642171,0.015166263596818207,kd_tree,50,100,distance,"{'algorithm': 'kd_tree', 'leaf_size': 50, 'n_neighbors': 100, 'weights': 'distance'}",0.7274015301785208,0.7177670728251629,0.7296684613204873,0.724945688108057,0.005159724297250447,73
140,0.01708642641703288,0.0021954887392845917,0.16107590993245444,0.011801009520176773,kd_tree,100,1,uniform,"{'algorithm': 'kd_tree', 'leaf_size': 100, 'n_neighbors': 1, 'weights': 'uniform'}",0.6429583451402664,0.6217058656843298,0.6361575517143667,0.6336072541796544,0.008861714803690517,229
141,0.01856406529744466,0.0055739147348707226,0.0855255921681722,0.006958722171954096,kd_tree,100,1,distance,"{'algorithm': 'kd_tree', 'leaf_size': 100, 'n_neighbors': 1, 'weights': 'distance'}",0.6429583451402664,0.6217058656843298,0.6361575517143667,0.6336072541796544,0.008861714803690517,229
142,0.017200628916422527,0.004859595724686584,0.20652047793070474,0.031470106454616835,kd_tree,100,3,uniform,"{'algorithm': 'kd_tree', 'leaf_size': 100, 'n_neighbors': 3, 'weights': 'uniform'}",0.6950977614054973,0.6882969679795976,0.6925474638707849,0.6919807310852933,0.002805184170193157,148
143,0.020641803741455078,0.010327001564977427,0.1417407194773356,0.04527869622563901,kd_tree,100,3,distance,"{'algorithm': 'kd_tree', 'leaf_size': 100, 'n_neighbors': 3, 'weights': 'distance'}",0.6622272598469822,0.6477755738169453,0.6591102295267781,0.6563710210635686,0.006209683541661903,201
144,0.01765020688374837,0.006542168583121437,0.18784252802530924,0.011866512915066742,kd_tree,100,5,uniform,"{'algorithm': 'kd_tree', 'leaf_size': 100, 'n_neighbors': 5, 'weights': 'uniform'}",0.7234344006800794,0.720884103145367,0.7228676678945877,0.7223953905733446,0.00109340104871919,91
145,0.01432363192240397,0.003387769117379508,0.1622020403544108,0.014201750324281833,kd_tree,100,5,distance,"{'algorithm': 'kd_tree', 'leaf_size': 100, 'n_neighbors': 5, 'weights': 'distance'}",0.678095777840748,0.6568432983848116,0.6826296401246812,0.6725229054500802,0.011240597110276529,183
146,0.015206336975097656,0.0031825002929409185,0.2989364465077718,0.07609925644981733,kd_tree,100,10,uniform,"{'algorithm': 'kd_tree', 'leaf_size': 100, 'n_neighbors': 10, 'weights': 'uniform'}",0.7529045055256447,0.7568716350240862,0.7551714366676112,0.7549825257391141,0.0016250732534320552,60
147,0.01346127192179362,0.0022860848502832434,0.17343767484029135,0.023502182114950875,kd_tree,100,10,distance,"{'algorithm': 'kd_tree', 'leaf_size': 100, 'n_neighbors': 10, 'weights': 'distance'}",0.6967979597619722,0.684613204873902,0.6936809294417682,0.6916973646925474,0.005168362716654165,158
148,0.015523592631022135,0.0018898348027920379,0.30387139320373535,0.02605928009227353,kd_tree,100,25,uniform,"{'algorithm': 'kd_tree', 'leaf_size': 100, 'n_neighbors': 25, 'weights': 'uniform'}",0.7605553981297818,0.7611221309152735,0.761688863700765,0.7611221309152735,0.00046273538165356263,40
149,0.015414953231811523,0.001999375541349227,0.24384427070617676,0.012523793493460042,kd_tree,100,25,distance,"{'algorithm': 'kd_tree', 'leaf_size': 100, 'n_neighbors': 25, 'weights': 'distance'}",0.7137999433267215,0.7001983564749221,0.719183904788892,0.711060734863512,0.007989168018811924,129
150,0.018640915552775066,0.003409341361314268,0.3810447057088216,0.03469997043922653,kd_tree,100,50,uniform,"{'algorithm': 'kd_tree', 'leaf_size': 100, 'n_neighbors': 50, 'weights': 'uniform'}",0.761688863700765,0.7619722300935109,0.761688863700765,0.7617833191650137,0.00013358019858063737,19
151,0.013298988342285156,0.0019117405018143601,0.2512616316477458,0.006612575157465905,kd_tree,100,50,distance,"{'algorithm': 'kd_tree', 'leaf_size': 100, 'n_neighbors': 50, 'weights': 'distance'}",0.7214508359308586,0.7115330121847548,0.7268347973930291,0.7199395485028809,0.006337673069695383,109
152,0.011698166529337565,0.0006809075541705426,0.4151468276977539,0.06088140946375183,kd_tree,100,100,uniform,"{'algorithm': 'kd_tree', 'leaf_size': 100, 'n_neighbors': 100, 'weights': 'uniform'}",0.7619722300935109,0.7619722300935109,0.7619722300935109,0.7619722300935109,0.0,1
153,0.021895329157511394,0.0032134722643007325,0.3257110118865967,0.016776661400288925,kd_tree,100,100,distance,"{'algorithm': 'kd_tree', 'leaf_size': 100, 'n_neighbors': 100, 'weights': 'distance'}",0.7274015301785208,0.7177670728251629,0.7296684613204873,0.724945688108057,0.005159724297250447,73
154,0.011424779891967773,0.0014520723794778983,0.2391966183980306,0.023937568011697663,kd_tree,500,1,uniform,"{'algorithm': 'kd_tree', 'leaf_size': 500, 'n_neighbors': 1, 'weights': 'uniform'}",0.6409747803910456,0.61830546897138,0.6384244828563332,0.6325682440729196,0.010138904266132988,237
155,0.011467218399047852,0.0016538213465042309,0.16184465090433756,0.012748201190649646,kd_tree,500,1,distance,"{'algorithm': 'kd_tree', 'leaf_size': 500, 'n_neighbors': 1, 'weights': 'distance'}",0.6409747803910456,0.61830546897138,0.6384244828563332,0.6325682440729196,0.010138904266132988,237
156,0.01043542226155599,0.0001440937846025821,0.28174058596293133,0.009919926743521252,kd_tree,500,3,uniform,"{'algorithm': 'kd_tree', 'leaf_size': 500, 'n_neighbors': 3, 'weights': 'uniform'}",0.695664494190989,0.6874468688013602,0.6925474638707849,0.6918862756210448,0.0033872524940098373,149
157,0.01392666498819987,0.004157062600076674,0.20296573638916016,0.017916883136388135,kd_tree,500,3,distance,"{'algorithm': 'kd_tree', 'leaf_size': 500, 'n_neighbors': 3, 'weights': 'distance'}",0.6633607254179654,0.6463587418532162,0.6602436950977614,0.6566543874563143,0.007390498778508953,199
158,0.013132572174072266,0.0011367026932015845,0.3262759844462077,0.04241019300181871,kd_tree,500,5,uniform,"{'algorithm': 'kd_tree', 'leaf_size': 500, 'n_neighbors': 5, 'weights': 'uniform'}",0.7225843015018418,0.7197506375743836,0.7200340039671295,0.7207896476811183,0.001274273879591198,108
159,0.017401456832885742,0.005868544208421749,0.22641603151957193,0.006781535897545338,kd_tree,500,5,distance,"{'algorithm': 'kd_tree', 'leaf_size': 500, 'n_neighbors': 5, 'weights': 'distance'}",0.6769623122697648,0.6562765655993199,0.6812128081609521,0.6714838953433455,0.010892316475017188,198
160,0.014636039733886719,0.003511991729640088,0.3545733292897542,0.030832680596360847,kd_tree,500,10,uniform,"{'algorithm': 'kd_tree', 'leaf_size': 500, 'n_neighbors': 10, 'weights': 'uniform'}",0.7531878719183904,0.7574383678095777,0.7551714366676112,0.7552658921318599,0.001736542581548149,56
161,0.013662099838256836,0.0024085499178238537,0.24932130177815756,0.024032766719292473,kd_tree,500,10,distance,"{'algorithm': 'kd_tree', 'leaf_size': 500, 'n_neighbors': 10, 'weights': 'distance'}",0.6962312269764805,0.6843298384811561,0.693964295834514,0.6915084537640502,0.005159724297250447,167
162,0.01345388094584147,0.0022704659941735258,0.354613463083903,0.012313183141395142,kd_tree,500,25,uniform,"{'algorithm': 'kd_tree', 'leaf_size': 500, 'n_neighbors': 25, 'weights': 'uniform'}",0.7605553981297818,0.7611221309152735,0.7619722300935109,0.761216586379522,0.0005822625864710456,37
163,0.013975063959757486,0.0024709301742300966,0.2944035530090332,0.041542001057612646,kd_tree,500,25,distance,"{'algorithm': 'kd_tree', 'leaf_size': 500, 'n_neighbors': 25, 'weights': 'distance'}",0.7140833097194673,0.6996316236894304,0.7194672711816379,0.711060734863512,0.008375169527783482,129
164,0.017326752344767254,0.00527290296307297,0.5504749615987142,0.01057914339091241,kd_tree,500,50,uniform,"{'algorithm': 'kd_tree', 'leaf_size': 500, 'n_neighbors': 50, 'weights': 'uniform'}",0.761688863700765,0.7619722300935109,0.761688863700765,0.7617833191650137,0.00013358019858063737,19
165,0.02522762616475423,0.005573993902268839,0.46930400530497235,0.03827335381484778,kd_tree,500,50,distance,"{'algorithm': 'kd_tree', 'leaf_size': 500, 'n_neighbors': 50, 'weights': 'distance'}",0.7214508359308586,0.7115330121847548,0.7265514310002834,0.7198450930386322,0.00623549161957083,114
166,0.01577027638753255,0.007533829622893062,0.5660289923350016,0.04008167894598653,kd_tree,500,100,uniform,"{'algorithm': 'kd_tree', 'leaf_size': 500, 'n_neighbors': 100, 'weights': 'uniform'}",0.7619722300935109,0.7619722300935109,0.7619722300935109,0.7619722300935109,0.0,1
167,0.014546632766723633,0.0024463443049694885,0.4203197161356608,0.01456476807655703,kd_tree,500,100,distance,"{'algorithm': 'kd_tree', 'leaf_size': 500, 'n_neighbors': 100, 'weights': 'distance'}",0.7274015301785208,0.7177670728251629,0.7296684613204873,0.724945688108057,0.005159724297250447,73
168,0.014281749725341797,0.002471315411811257,0.21452625592549643,0.015597885965009039,brute,1,1,uniform,"{'algorithm': 'brute', 'leaf_size': 1, 'n_neighbors': 1, 'weights': 'uniform'}",0.6409747803910456,0.6194389345423633,0.6367242844998583,0.6323793331444224,0.00931332793421627,241
169,0.010755062103271484,0.0012212406281408568,0.13951333363850912,0.0027815280436595835,brute,1,1,distance,"{'algorithm': 'brute', 'leaf_size': 1, 'n_neighbors': 1, 'weights': 'distance'}",0.6409747803910456,0.6194389345423633,0.6367242844998583,0.6323793331444224,0.00931332793421627,241
170,0.01230923334757487,0.003355074364105233,0.21613971392313638,0.009655088543673494,brute,1,3,uniform,"{'algorithm': 'brute', 'leaf_size': 1, 'n_neighbors': 3, 'weights': 'uniform'}",0.6945310286200057,0.687730235194106,0.6933975630490223,0.6918862756210448,0.0029749722769478624,149
171,0.0094602902730306,9.29494807350342e-05,0.14488840103149414,0.004550316182606291,brute,1,3,distance,"{'algorithm': 'brute', 'leaf_size': 1, 'n_neighbors': 3, 'weights': 'distance'}",0.6622272598469822,0.6469254746387079,0.6591102295267781,0.6560876546708228,0.006602430194503177,203
172,0.010262171427408854,0.0013119512502544662,0.23401117324829102,0.018793696454046643,brute,1,5,uniform,"{'algorithm': 'brute', 'leaf_size': 1, 'n_neighbors': 5, 'weights': 'uniform'}",0.7240011334655709,0.7194672711816379,0.7197506375743836,0.721073014073864,0.0020737223387267347,101
173,0.009349505106608072,0.00016993356585288168,0.15332206090291342,0.007117603580124919,brute,1,5,distance,"{'algorithm': 'brute', 'leaf_size': 1, 'n_neighbors': 5, 'weights': 'distance'}",0.6783791442334939,0.6568432983848116,0.6809294417682062,0.6720506281288373,0.010803492115562615,190
174,0.012885808944702148,0.0037694252167177894,0.23058454195658365,0.007299557700347194,brute,1,10,uniform,"{'algorithm': 'brute', 'leaf_size': 1, 'n_neighbors': 10, 'weights': 'uniform'}",0.7526211391328989,0.757155001416832,0.7551714366676112,0.7549825257391141,0.0018557554268809498,60
175,0.0126190185546875,0.0007758781644597132,0.15923444430033365,0.01495379058669994,brute,1,10,distance,"{'algorithm': 'brute', 'leaf_size': 1, 'n_neighbors': 10, 'weights': 'distance'}",0.6967979597619722,0.6843298384811561,0.6936809294417682,0.6916029092282988,0.0052979328090602225,161
176,0.010923067728678385,0.001053414017422214,0.2568870385487874,0.015078076770008738,brute,1,25,uniform,"{'algorithm': 'brute', 'leaf_size': 1, 'n_neighbors': 25, 'weights': 'uniform'}",0.760272031737036,0.7611221309152735,0.7619722300935109,0.7611221309152735,0.0006941030724803665,40
177,0.0125120480855306,0.0022621481899157154,0.16067083676656088,0.015689573104585335,brute,1,25,distance,"{'algorithm': 'brute', 'leaf_size': 1, 'n_neighbors': 25, 'weights': 'distance'}",0.7137999433267215,0.6999149900821763,0.7194672711816379,0.711060734863512,0.008213824578184441,129
178,0.012861013412475586,0.003935484584117457,0.2716890176137288,0.01180088572065635,brute,1,50,uniform,"{'algorithm': 'brute', 'leaf_size': 1, 'n_neighbors': 50, 'weights': 'uniform'}",0.761688863700765,0.7619722300935109,0.761688863700765,0.7617833191650137,0.00013358019858063737,19
179,0.011742353439331055,0.0019961459761759907,0.21277872721354166,0.009126158197437211,brute,1,50,distance,"{'algorithm': 'brute', 'leaf_size': 1, 'n_neighbors': 50, 'weights': 'distance'}",0.7214508359308586,0.7115330121847548,0.7265514310002834,0.7198450930386322,0.00623549161957083,114
180,0.010684887568155924,0.0019475331958519414,0.3319031397501628,0.017065886608682537,brute,1,100,uniform,"{'algorithm': 'brute', 'leaf_size': 1, 'n_neighbors': 100, 'weights': 'uniform'}",0.7619722300935109,0.7619722300935109,0.7619722300935109,0.7619722300935109,0.0,1
181,0.011594692866007486,0.0017061716651496593,0.26355989774068195,0.00602525761402585,brute,1,100,distance,"{'algorithm': 'brute', 'leaf_size': 1, 'n_neighbors': 100, 'weights': 'distance'}",0.7274015301785208,0.7177670728251629,0.7296684613204873,0.724945688108057,0.005159724297250447,73
182,0.013112465540568033,0.0004500467280155443,0.20338058471679688,0.008403530091848195,brute,5,1,uniform,"{'algorithm': 'brute', 'leaf_size': 5, 'n_neighbors': 1, 'weights': 'uniform'}",0.6409747803910456,0.6194389345423633,0.6367242844998583,0.6323793331444224,0.00931332793421627,241
183,0.012908538182576498,0.005065613328589016,0.13195387522379556,0.005862259392646682,brute,5,1,distance,"{'algorithm': 'brute', 'leaf_size': 5, 'n_neighbors': 1, 'weights': 'distance'}",0.6409747803910456,0.6194389345423633,0.6367242844998583,0.6323793331444224,0.00931332793421627,241
184,0.012841304143269857,0.0042958196964553025,0.2184732755025228,0.0059730780883607,brute,5,3,uniform,"{'algorithm': 'brute', 'leaf_size': 5, 'n_neighbors': 3, 'weights': 'uniform'}",0.6945310286200057,0.687730235194106,0.6933975630490223,0.6918862756210448,0.0029749722769478624,149
185,0.012177387873331705,0.0019131805383993607,0.14957737922668457,0.007123587072929536,brute,5,3,distance,"{'algorithm': 'brute', 'leaf_size': 5, 'n_neighbors': 3, 'weights': 'distance'}",0.6622272598469822,0.6469254746387079,0.6591102295267781,0.6560876546708228,0.006602430194503177,203
186,0.011168320973714193,0.001381246363174038,0.2298607031504313,0.0022442511973348967,brute,5,5,uniform,"{'algorithm': 'brute', 'leaf_size': 5, 'n_neighbors': 5, 'weights': 'uniform'}",0.7240011334655709,0.7194672711816379,0.7197506375743836,0.721073014073864,0.0020737223387267347,101
187,0.010106960932413736,0.0010834026594063774,0.14280780156453451,0.009238228570183435,brute,5,5,distance,"{'algorithm': 'brute', 'leaf_size': 5, 'n_neighbors': 5, 'weights': 'distance'}",0.6783791442334939,0.6568432983848116,0.6809294417682062,0.6720506281288373,0.010803492115562615,190
188,0.012346029281616211,0.0011682975688412926,0.23633925120035806,0.010540382845833184,brute,5,10,uniform,"{'algorithm': 'brute', 'leaf_size': 5, 'n_neighbors': 10, 'weights': 'uniform'}",0.7526211391328989,0.757155001416832,0.7551714366676112,0.7549825257391141,0.0018557554268809498,60
189,0.012767950693766275,0.002251332668210137,0.14010540644327799,0.009244883284879673,brute,5,10,distance,"{'algorithm': 'brute', 'leaf_size': 5, 'n_neighbors': 10, 'weights': 'distance'}",0.6967979597619722,0.6843298384811561,0.6936809294417682,0.6916029092282988,0.0052979328090602225,161
190,0.01150965690612793,0.002311481416279436,0.24081802368164062,0.0056346661369408154,brute,5,25,uniform,"{'algorithm': 'brute', 'leaf_size': 5, 'n_neighbors': 25, 'weights': 'uniform'}",0.760272031737036,0.7611221309152735,0.7619722300935109,0.7611221309152735,0.0006941030724803665,40
191,0.010696013768513998,0.0010190692527793342,0.1715532143910726,0.006624249897325892,brute,5,25,distance,"{'algorithm': 'brute', 'leaf_size': 5, 'n_neighbors': 25, 'weights': 'distance'}",0.7137999433267215,0.6999149900821763,0.7194672711816379,0.711060734863512,0.008213824578184441,129
192,0.010545889536539713,0.0009340645655604797,0.2743830680847168,0.029974092313935254,brute,5,50,uniform,"{'algorithm': 'brute', 'leaf_size': 5, 'n_neighbors': 50, 'weights': 'uniform'}",0.761688863700765,0.7619722300935109,0.761688863700765,0.7617833191650137,0.00013358019858063737,19
193,0.010555108388264975,0.0010338688860537912,0.20056732495625815,0.015031141131153966,brute,5,50,distance,"{'algorithm': 'brute', 'leaf_size': 5, 'n_neighbors': 50, 'weights': 'distance'}",0.7214508359308586,0.7115330121847548,0.7265514310002834,0.7198450930386322,0.00623549161957083,114
194,0.011252323786417643,0.0014007503399756606,0.32663695017496747,0.025247146988005276,brute,5,100,uniform,"{'algorithm': 'brute', 'leaf_size': 5, 'n_neighbors': 100, 'weights': 'uniform'}",0.7619722300935109,0.7619722300935109,0.7619722300935109,0.7619722300935109,0.0,1
195,0.009986241658528646,0.0007238874236208769,0.2705719470977783,0.027100256518998285,brute,5,100,distance,"{'algorithm': 'brute', 'leaf_size': 5, 'n_neighbors': 100, 'weights': 'distance'}",0.7274015301785208,0.7177670728251629,0.7296684613204873,0.724945688108057,0.005159724297250447,73
196,0.011027256647745768,0.0013076763502050937,0.2298126220703125,0.013998042547921053,brute,10,1,uniform,"{'algorithm': 'brute', 'leaf_size': 10, 'n_neighbors': 1, 'weights': 'uniform'}",0.6409747803910456,0.6194389345423633,0.6367242844998583,0.6323793331444224,0.00931332793421627,241
197,0.01645636558532715,0.004216839984386237,0.16042598088582358,0.0099336176350949,brute,10,1,distance,"{'algorithm': 'brute', 'leaf_size': 10, 'n_neighbors': 1, 'weights': 'distance'}",0.6409747803910456,0.6194389345423633,0.6367242844998583,0.6323793331444224,0.00931332793421627,241
198,0.010239442189534506,0.0008307348469422558,0.22428536415100098,0.008527525714399043,brute,10,3,uniform,"{'algorithm': 'brute', 'leaf_size': 10, 'n_neighbors': 3, 'weights': 'uniform'}",0.6945310286200057,0.687730235194106,0.6933975630490223,0.6918862756210448,0.0029749722769478624,149
199,0.009652296702067057,0.00012432568153242425,0.1457513968149821,0.004385405136274021,brute,10,3,distance,"{'algorithm': 'brute', 'leaf_size': 10, 'n_neighbors': 3, 'weights': 'distance'}",0.6622272598469822,0.6469254746387079,0.6591102295267781,0.6560876546708228,0.006602430194503177,203
200,0.011141379674275717,0.0019216781447171027,0.24181667963663736,0.010331376675021492,brute,10,5,uniform,"{'algorithm': 'brute', 'leaf_size': 10, 'n_neighbors': 5, 'weights': 'uniform'}",0.7240011334655709,0.7194672711816379,0.7197506375743836,0.721073014073864,0.0020737223387267347,101
201,0.012469291687011719,0.0024614268520464417,0.14728093147277832,0.007164743424374784,brute,10,5,distance,"{'algorithm': 'brute', 'leaf_size': 10, 'n_neighbors': 5, 'weights': 'distance'}",0.6783791442334939,0.6568432983848116,0.6809294417682062,0.6720506281288373,0.010803492115562615,190
202,0.009483973185221354,6.414754650962694e-05,0.23476163546244302,0.026185903355054895,brute,10,10,uniform,"{'algorithm': 'brute', 'leaf_size': 10, 'n_neighbors': 10, 'weights': 'uniform'}",0.7526211391328989,0.757155001416832,0.7551714366676112,0.7549825257391141,0.0018557554268809498,60
203,0.010801315307617188,0.0009286016689590556,0.14591097831726074,0.015615979997817123,brute,10,10,distance,"{'algorithm': 'brute', 'leaf_size': 10, 'n_neighbors': 10, 'weights': 'distance'}",0.6967979597619722,0.6843298384811561,0.6936809294417682,0.6916029092282988,0.0052979328090602225,161
204,0.015514135360717773,0.00644261089125406,0.24045530954996744,0.015881203406987246,brute,10,25,uniform,"{'algorithm': 'brute', 'leaf_size': 10, 'n_neighbors': 25, 'weights': 'uniform'}",0.760272031737036,0.7611221309152735,0.7619722300935109,0.7611221309152735,0.0006941030724803665,40
205,0.010509967803955078,0.0014028129402793358,0.17790563901265463,0.005398575915282649,brute,10,25,distance,"{'algorithm': 'brute', 'leaf_size': 10, 'n_neighbors': 25, 'weights': 'distance'}",0.7137999433267215,0.6999149900821763,0.7194672711816379,0.711060734863512,0.008213824578184441,129
206,0.012680927912394205,0.0006034259888421183,0.2869580586751302,0.00907630798112307,brute,10,50,uniform,"{'algorithm': 'brute', 'leaf_size': 10, 'n_neighbors': 50, 'weights': 'uniform'}",0.761688863700765,0.7619722300935109,0.761688863700765,0.7617833191650137,0.00013358019858063737,19
207,0.011200189590454102,0.0010548315520823874,0.20282769203186035,0.007643225887797023,brute,10,50,distance,"{'algorithm': 'brute', 'leaf_size': 10, 'n_neighbors': 50, 'weights': 'distance'}",0.7214508359308586,0.7115330121847548,0.7265514310002834,0.7198450930386322,0.00623549161957083,114
208,0.013087590535481771,0.00041013730803828307,0.3457612991333008,0.019964022299058155,brute,10,100,uniform,"{'algorithm': 'brute', 'leaf_size': 10, 'n_neighbors': 100, 'weights': 'uniform'}",0.7619722300935109,0.7619722300935109,0.7619722300935109,0.7619722300935109,0.0,1
209,0.011336326599121094,0.002117653692175573,0.2585624059041341,0.01754401415653375,brute,10,100,distance,"{'algorithm': 'brute', 'leaf_size': 10, 'n_neighbors': 100, 'weights': 'distance'}",0.7274015301785208,0.7177670728251629,0.7296684613204873,0.724945688108057,0.005159724297250447,73
210,0.011955897013346354,0.0035235367980427207,0.24097760518391928,0.03699028321294247,brute,50,1,uniform,"{'algorithm': 'brute', 'leaf_size': 50, 'n_neighbors': 1, 'weights': 'uniform'}",0.6409747803910456,0.6194389345423633,0.6367242844998583,0.6323793331444224,0.00931332793421627,241
211,0.012992302576700846,0.005162516265506693,0.12564603487650552,0.021881056430167967,brute,50,1,distance,"{'algorithm': 'brute', 'leaf_size': 50, 'n_neighbors': 1, 'weights': 'distance'}",0.6409747803910456,0.6194389345423633,0.6367242844998583,0.6323793331444224,0.00931332793421627,241
212,0.016664425532023113,0.005106956927263714,0.23393543561299643,0.0019894468033332963,brute,50,3,uniform,"{'algorithm': 'brute', 'leaf_size': 50, 'n_neighbors': 3, 'weights': 'uniform'}",0.6945310286200057,0.687730235194106,0.6933975630490223,0.6918862756210448,0.0029749722769478624,149
213,0.01341398557027181,0.005444021018067086,0.13019442558288574,0.02883485894132898,brute,50,3,distance,"{'algorithm': 'brute', 'leaf_size': 50, 'n_neighbors': 3, 'weights': 'distance'}",0.6622272598469822,0.6469254746387079,0.6591102295267781,0.6560876546708228,0.006602430194503177,203
214,0.017026662826538086,0.004663672411007025,0.23373730977376303,0.004717243244452685,brute,50,5,uniform,"{'algorithm': 'brute', 'leaf_size': 50, 'n_neighbors': 5, 'weights': 'uniform'}",0.7240011334655709,0.7194672711816379,0.7197506375743836,0.721073014073864,0.0020737223387267347,101
215,0.013326644897460938,0.0031714537792027347,0.15250619252522787,0.004060407709768434,brute,50,5,distance,"{'algorithm': 'brute', 'leaf_size': 50, 'n_neighbors': 5, 'weights': 'distance'}",0.6783791442334939,0.6568432983848116,0.6809294417682062,0.6720506281288373,0.010803492115562615,190
216,0.011638005574544271,0.0015426445004834929,0.2393921216328939,0.020500070619354868,brute,50,10,uniform,"{'algorithm': 'brute', 'leaf_size': 50, 'n_neighbors': 10, 'weights': 'uniform'}",0.7526211391328989,0.757155001416832,0.7551714366676112,0.7549825257391141,0.0018557554268809498,60
217,0.010635614395141602,0.001492632622891399,0.1651794115702311,0.0059426644817190824,brute,50,10,distance,"{'algorithm': 'brute', 'leaf_size': 50, 'n_neighbors': 10, 'weights': 'distance'}",0.6967979597619722,0.6843298384811561,0.6936809294417682,0.6916029092282988,0.0052979328090602225,161
218,0.010944366455078125,0.0010376592495403801,0.2617006301879883,0.016112198841602008,brute,50,25,uniform,"{'algorithm': 'brute', 'leaf_size': 50, 'n_neighbors': 25, 'weights': 'uniform'}",0.760272031737036,0.7611221309152735,0.7619722300935109,0.7611221309152735,0.0006941030724803665,40
219,0.014989058176676432,0.00455454563994296,0.16669662793477377,0.012851292738863988,brute,50,25,distance,"{'algorithm': 'brute', 'leaf_size': 50, 'n_neighbors': 25, 'weights': 'distance'}",0.7137999433267215,0.6999149900821763,0.7194672711816379,0.711060734863512,0.008213824578184441,129
220,0.012473344802856445,0.0030021285008583745,0.26697301864624023,0.025812807170961214,brute,50,50,uniform,"{'algorithm': 'brute', 'leaf_size': 50, 'n_neighbors': 50, 'weights': 'uniform'}",0.761688863700765,0.7619722300935109,0.761688863700765,0.7617833191650137,0.00013358019858063737,19
221,0.01161519686381022,0.0017019487664538572,0.20995656649271646,0.033456782746488514,brute,50,50,distance,"{'algorithm': 'brute', 'leaf_size': 50, 'n_neighbors': 50, 'weights': 'distance'}",0.7214508359308586,0.7115330121847548,0.7265514310002834,0.7198450930386322,0.00623549161957083,114
222,0.01820977528889974,0.0021018365354825456,0.3246399561564128,0.009480604276459647,brute,50,100,uniform,"{'algorithm': 'brute', 'leaf_size': 50, 'n_neighbors': 100, 'weights': 'uniform'}",0.7619722300935109,0.7619722300935109,0.7619722300935109,0.7619722300935109,0.0,1
223,0.013689676920572916,0.0033202159702837653,0.2592302163441976,0.008484706668080577,brute,50,100,distance,"{'algorithm': 'brute', 'leaf_size': 50, 'n_neighbors': 100, 'weights': 'distance'}",0.7274015301785208,0.7177670728251629,0.7296684613204873,0.724945688108057,0.005159724297250447,73
224,0.010782718658447266,0.001525476012584658,0.23915553092956543,0.017521903604082095,brute,100,1,uniform,"{'algorithm': 'brute', 'leaf_size': 100, 'n_neighbors': 1, 'weights': 'uniform'}",0.6409747803910456,0.6194389345423633,0.6367242844998583,0.6323793331444224,0.00931332793421627,241
225,0.01313630739847819,0.00040570526700492925,0.13689271608988443,0.00684235678759768,brute,100,1,distance,"{'algorithm': 'brute', 'leaf_size': 100, 'n_neighbors': 1, 'weights': 'distance'}",0.6409747803910456,0.6194389345423633,0.6367242844998583,0.6323793331444224,0.00931332793421627,241
226,0.011460542678833008,0.0016707353705014097,0.24304397900899252,0.012467284691934867,brute,100,3,uniform,"{'algorithm': 'brute', 'leaf_size': 100, 'n_neighbors': 3, 'weights': 'uniform'}",0.6945310286200057,0.687730235194106,0.6933975630490223,0.6918862756210448,0.0029749722769478624,149
227,0.012314716974894205,0.00048068628196277867,0.14534672101338705,0.0050197730497575106,brute,100,3,distance,"{'algorithm': 'brute', 'leaf_size': 100, 'n_neighbors': 3, 'weights': 'distance'}",0.6622272598469822,0.6469254746387079,0.6591102295267781,0.6560876546708228,0.006602430194503177,203
228,0.016516764958699543,0.0020716620106633783,0.22650520006815592,0.002928246915820263,brute,100,5,uniform,"{'algorithm': 'brute', 'leaf_size': 100, 'n_neighbors': 5, 'weights': 'uniform'}",0.7240011334655709,0.7194672711816379,0.7197506375743836,0.721073014073864,0.0020737223387267347,101
229,0.0108335812886556,0.0013289822343727491,0.16177447636922201,0.027601611670195286,brute,100,5,distance,"{'algorithm': 'brute', 'leaf_size': 100, 'n_neighbors': 5, 'weights': 'distance'}",0.6783791442334939,0.6568432983848116,0.6809294417682062,0.6720506281288373,0.010803492115562615,190
230,0.012283960978190104,0.001925079389347202,0.23285897572835287,0.02570064766517768,brute,100,10,uniform,"{'algorithm': 'brute', 'leaf_size': 100, 'n_neighbors': 10, 'weights': 'uniform'}",0.7526211391328989,0.757155001416832,0.7551714366676112,0.7549825257391141,0.0018557554268809498,60
231,0.011576414108276367,0.0015872561433956818,0.15517743428548178,0.013861330519102223,brute,100,10,distance,"{'algorithm': 'brute', 'leaf_size': 100, 'n_neighbors': 10, 'weights': 'distance'}",0.6967979597619722,0.6843298384811561,0.6936809294417682,0.6916029092282988,0.0052979328090602225,161
232,0.010667800903320312,0.0014813984112048413,0.2542594273885091,0.018363042502512746,brute,100,25,uniform,"{'algorithm': 'brute', 'leaf_size': 100, 'n_neighbors': 25, 'weights': 'uniform'}",0.760272031737036,0.7611221309152735,0.7619722300935109,0.7611221309152735,0.0006941030724803665,40
233,0.010834296544392904,0.0009318113123343652,0.18031938870747885,0.007337167811462009,brute,100,25,distance,"{'algorithm': 'brute', 'leaf_size': 100, 'n_neighbors': 25, 'weights': 'distance'}",0.7137999433267215,0.6999149900821763,0.7194672711816379,0.711060734863512,0.008213824578184441,129
234,0.011273066202799479,0.0014739940961393863,0.2682494322458903,0.007435528940853592,brute,100,50,uniform,"{'algorithm': 'brute', 'leaf_size': 100, 'n_neighbors': 50, 'weights': 'uniform'}",0.761688863700765,0.7619722300935109,0.761688863700765,0.7617833191650137,0.00013358019858063737,19
235,0.016815741856892902,0.004992770709113859,0.21782350540161133,0.02846002810822457,brute,100,50,distance,"{'algorithm': 'brute', 'leaf_size': 100, 'n_neighbors': 50, 'weights': 'distance'}",0.7214508359308586,0.7115330121847548,0.7265514310002834,0.7198450930386322,0.00623549161957083,114
236,0.013718048731486002,0.002934990323308029,0.3436725934346517,0.011767777067882427,brute,100,100,uniform,"{'algorithm': 'brute', 'leaf_size': 100, 'n_neighbors': 100, 'weights': 'uniform'}",0.7619722300935109,0.7619722300935109,0.7619722300935109,0.7619722300935109,0.0,1
237,0.009994983673095703,0.0009073197503139486,0.25574755668640137,0.007979210627463887,brute,100,100,distance,"{'algorithm': 'brute', 'leaf_size': 100, 'n_neighbors': 100, 'weights': 'distance'}",0.7274015301785208,0.7177670728251629,0.7296684613204873,0.724945688108057,0.005159724297250447,73
238,0.01542361577351888,0.0015884183469019146,0.20995108286539713,0.023214313507049483,brute,500,1,uniform,"{'algorithm': 'brute', 'leaf_size': 500, 'n_neighbors': 1, 'weights': 'uniform'}",0.6409747803910456,0.6194389345423633,0.6367242844998583,0.6323793331444224,0.00931332793421627,241
239,0.011164029439290365,0.0015068059774054397,0.15354029337565103,0.02058840194843991,brute,500,1,distance,"{'algorithm': 'brute', 'leaf_size': 500, 'n_neighbors': 1, 'weights': 'distance'}",0.6409747803910456,0.6194389345423633,0.6367242844998583,0.6323793331444224,0.00931332793421627,241
240,0.011827548344930014,0.002102876604434009,0.2300573984781901,0.018249929490877847,brute,500,3,uniform,"{'algorithm': 'brute', 'leaf_size': 500, 'n_neighbors': 3, 'weights': 'uniform'}",0.6945310286200057,0.687730235194106,0.6933975630490223,0.6918862756210448,0.0029749722769478624,149
241,0.013052940368652344,0.0024422270961407264,0.1530303160349528,0.004466563845258108,brute,500,3,distance,"{'algorithm': 'brute', 'leaf_size': 500, 'n_neighbors': 3, 'weights': 'distance'}",0.6622272598469822,0.6469254746387079,0.6591102295267781,0.6560876546708228,0.006602430194503177,203
242,0.011299610137939453,0.002463837883695152,0.22554612159729004,0.010824488404665248,brute,500,5,uniform,"{'algorithm': 'brute', 'leaf_size': 500, 'n_neighbors': 5, 'weights': 'uniform'}",0.7240011334655709,0.7194672711816379,0.7197506375743836,0.721073014073864,0.0020737223387267347,101
243,0.014569997787475586,0.0006571042977849421,0.14187471071879068,0.002689092001563693,brute,500,5,distance,"{'algorithm': 'brute', 'leaf_size': 500, 'n_neighbors': 5, 'weights': 'distance'}",0.6783791442334939,0.6568432983848116,0.6809294417682062,0.6720506281288373,0.010803492115562615,190
244,0.013701359430948893,0.0046114002677129055,0.23518610000610352,0.009031015082592474,brute,500,10,uniform,"{'algorithm': 'brute', 'leaf_size': 500, 'n_neighbors': 10, 'weights': 'uniform'}",0.7526211391328989,0.757155001416832,0.7551714366676112,0.7549825257391141,0.0018557554268809498,60
245,0.014841159184773764,0.003556965134698535,0.1521909236907959,0.01302802291851979,brute,500,10,distance,"{'algorithm': 'brute', 'leaf_size': 500, 'n_neighbors': 10, 'weights': 'distance'}",0.6967979597619722,0.6843298384811561,0.6936809294417682,0.6916029092282988,0.0052979328090602225,161
246,0.012252251307169596,0.002075717530057662,0.2674969832102458,0.0071319340037817956,brute,500,25,uniform,"{'algorithm': 'brute', 'leaf_size': 500, 'n_neighbors': 25, 'weights': 'uniform'}",0.760272031737036,0.7611221309152735,0.7619722300935109,0.7611221309152735,0.0006941030724803665,40
247,0.013277769088745117,0.0025446657504997476,0.16730562845865884,0.01300587961482139,brute,500,25,distance,"{'algorithm': 'brute', 'leaf_size': 500, 'n_neighbors': 25, 'weights': 'distance'}",0.7137999433267215,0.6999149900821763,0.7194672711816379,0.711060734863512,0.008213824578184441,129
248,0.013666152954101562,0.0020285250242160907,0.2789188226064046,0.00680619073581955,brute,500,50,uniform,"{'algorithm': 'brute', 'leaf_size': 500, 'n_neighbors': 50, 'weights': 'uniform'}",0.761688863700765,0.7619722300935109,0.761688863700765,0.7617833191650137,0.00013358019858063737,19
249,0.010541359583536783,0.0013256988381341625,0.20548073450724283,0.01336860313506722,brute,500,50,distance,"{'algorithm': 'brute', 'leaf_size': 500, 'n_neighbors': 50, 'weights': 'distance'}",0.7214508359308586,0.7115330121847548,0.7265514310002834,0.7198450930386322,0.00623549161957083,114
250,0.012942314147949219,0.0030065787435181912,0.30090030034383136,0.016740693329749465,brute,500,100,uniform,"{'algorithm': 'brute', 'leaf_size': 500, 'n_neighbors': 100, 'weights': 'uniform'}",0.7619722300935109,0.7619722300935109,0.7619722300935109,0.7619722300935109,0.0,1
251,0.010834296544392904,0.001418675523415704,0.22371371587117514,0.005574751954164774,brute,500,100,distance,"{'algorithm': 'brute', 'leaf_size': 500, 'n_neighbors': 100, 'weights': 'distance'}",0.7274015301785208,0.7177670728251629,0.7296684613204873,0.724945688108057,0.005159724297250447,73
