,mean_fit_time,std_fit_time,mean_score_time,std_score_time,param_C,param_gamma,param_kernel,param_max_iter,params,split0_test_score,split1_test_score,split2_test_score,mean_test_score,std_test_score,rank_test_score
0,0.007007678349812825,0.0013586758423473682,0.004814306894938151,0.001090604249704914,0.1,scale,linear,5,"{'C': 0.1, 'gamma': 'scale', 'kernel': 'linear', 'max_iter': 5}",0.7237177670728252,0.5840181354491357,0.287050155851516,0.5315953527911589,0.18208196282377012,89
1,0.010897636413574219,0.0022001726965983144,0.0035422643025716147,0.0010804506818216978,0.1,scale,linear,10,"{'C': 0.1, 'gamma': 'scale', 'kernel': 'linear', 'max_iter': 10}",0.31283649759138565,0.3270048172286767,0.3578917540379711,0.3325776896193445,0.01881110865736688,141
2,0.019304752349853516,0.0018664267781949113,0.00858457883199056,0.002947319406577317,0.1,scale,linear,25,"{'C': 0.1, 'gamma': 'scale', 'kernel': 'linear', 'max_iter': 25}",0.3148200623406064,0.32955511476338906,0.4879569283083026,0.37744403513743263,0.07837561317239192,130
3,0.9285465081532797,0.014820639795640654,0.3642591635386149,0.004976014762950342,0.1,scale,linear,-1,"{'C': 0.1, 'gamma': 'scale', 'kernel': 'linear', 'max_iter': -1}",0.761688863700765,0.7619722300935109,0.7619722300935109,0.7618777746292623,0.00013358019858063737,3
4,0.008064985275268555,0.0024722211512644876,0.0021266937255859375,0.00021751206296315937,0.1,scale,poly,5,"{'C': 0.1, 'gamma': 'scale', 'kernel': 'poly', 'max_iter': 5}",0.24312836497591386,0.2479455936525928,0.7242844998583168,0.40511948616227444,0.2256923140010562,119
5,0.010682900746663412,0.0020492583092845346,0.0025714238484700522,2.8606476360975504e-05,0.1,scale,poly,10,"{'C': 0.1, 'gamma': 'scale', 'kernel': 'poly', 'max_iter': 10}",0.23944460187021818,0.24709549447435533,0.23916123547747237,0.24190044394068197,0.003675276557729992,157
6,0.015720526377360027,0.0028316555681821426,0.0064547061920166016,0.002466429364970493,0.1,scale,poly,25,"{'C': 0.1, 'gamma': 'scale', 'kernel': 'poly', 'max_iter': 25}",0.24001133465570984,0.25701331822045903,0.23944460187021818,0.24548975158212902,0.00815167621059465,151
7,2.252561648686727,0.21161159260822604,0.429049809773763,0.014990566448104556,0.1,scale,poly,-1,"{'C': 0.1, 'gamma': 'scale', 'kernel': 'poly', 'max_iter': -1}",0.7585718333805611,0.7619722300935109,0.7611221309152735,0.7605553981297818,0.0014448907661073122,14
8,0.009386618932088217,0.0029316070793442466,0.003730138142903646,0.0002779809543450849,0.1,scale,rbf,5,"{'C': 0.1, 'gamma': 'scale', 'kernel': 'rbf', 'max_iter': 5}",0.5806177387361859,0.7072825162935675,0.6752621139132898,0.6543874563143478,0.0537761097255404,59
9,0.009586970011393229,0.0031288770601979746,0.010166327158610025,0.0032638787712303157,0.1,scale,rbf,10,"{'C': 0.1, 'gamma': 'scale', 'kernel': 'rbf', 'max_iter': 10}",0.6922640974780391,0.7276848965712667,0.6950977614054973,0.705015585151601,0.016071313428897307,42
10,0.025954723358154297,0.011182122452111636,0.022971153259277344,0.0031572019904106963,0.1,scale,rbf,25,"{'C': 0.1, 'gamma': 'scale', 'kernel': 'rbf', 'max_iter': 25}",0.6443751771039955,0.7203173703598753,0.6219892320770757,0.6622272598469822,0.04208030686070919,57
11,1.5272923310597737,0.04609346578508097,1.7199366092681885,0.05552738923026649,0.1,scale,rbf,-1,"{'C': 0.1, 'gamma': 'scale', 'kernel': 'rbf', 'max_iter': -1}",0.7619722300935109,0.7619722300935109,0.7619722300935109,0.7619722300935109,0.0,1
12,0.012111981709798178,0.003920368947101444,0.0031299591064453125,0.0005561820859493752,0.1,scale,sigmoid,5,"{'C': 0.1, 'gamma': 'scale', 'kernel': 'sigmoid', 'max_iter': 5}",0.41824879569283085,0.2995182771323321,0.5383961462170587,0.41872107301407385,0.0975220534683175,114
13,0.011578003565470377,0.003010645409932848,0.005291064580281575,0.002897564140656776,0.1,scale,sigmoid,10,"{'C': 0.1, 'gamma': 'scale', 'kernel': 'sigmoid', 'max_iter': 10}",0.356474922074242,0.3488240294701048,0.5593652592802494,0.42155473694153206,0.09749680025471807,109
14,0.02973771095275879,0.0051650246705237015,0.014040946960449219,0.0030999405349164035,0.1,scale,sigmoid,25,"{'C': 0.1, 'gamma': 'scale', 'kernel': 'sigmoid', 'max_iter': 25}",0.4709549447435534,0.4327004817228677,0.5905355624822896,0.49806366298290355,0.06722668187071094,96
15,2.0682173569997153,0.02282972362853383,0.5892672538757324,0.010837951021149464,0.1,scale,sigmoid,-1,"{'C': 0.1, 'gamma': 'scale', 'kernel': 'sigmoid', 'max_iter': -1}",0.760272031737036,0.760272031737036,0.7608387645225276,0.7604609426655332,0.00026716039716127474,15
16,0.011996110280354818,0.0011038126272720473,0.0043811798095703125,0.0018560642552392257,0.1,auto,linear,5,"{'C': 0.1, 'gamma': 'auto', 'kernel': 'linear', 'max_iter': 5}",0.7237177670728252,0.5840181354491357,0.287050155851516,0.5315953527911589,0.18208196282377012,89
17,0.01338974634806315,0.003831685338506884,0.003950595855712891,0.0020399389651966767,0.1,auto,linear,10,"{'C': 0.1, 'gamma': 'auto', 'kernel': 'linear', 'max_iter': 10}",0.31283649759138565,0.3270048172286767,0.3578917540379711,0.3325776896193445,0.01881110865736688,141
18,0.01736934979756673,0.004073077973004146,0.008008718490600586,0.0030890307789620377,0.1,auto,linear,25,"{'C': 0.1, 'gamma': 'auto', 'kernel': 'linear', 'max_iter': 25}",0.3148200623406064,0.32955511476338906,0.4879569283083026,0.37744403513743263,0.07837561317239192,130
19,1.0132017135620117,0.04791618151525678,0.37279407183329266,0.013741283248814642,0.1,auto,linear,-1,"{'C': 0.1, 'gamma': 'auto', 'kernel': 'linear', 'max_iter': -1}",0.761688863700765,0.7619722300935109,0.7619722300935109,0.7618777746292623,0.00013358019858063737,3
20,0.011017799377441406,0.009443639016767947,0.001965602238972982,0.00035613119457614413,0.1,auto,poly,5,"{'C': 0.1, 'gamma': 'auto', 'kernel': 'poly', 'max_iter': 5}",0.24312836497591386,0.2479455936525928,0.7242844998583168,0.40511948616227444,0.2256923140010562,119
21,0.009032885233561197,0.003141727999220563,0.004779895146687825,0.001590634589421576,0.1,auto,poly,10,"{'C': 0.1, 'gamma': 'auto', 'kernel': 'poly', 'max_iter': 10}",0.23944460187021818,0.24709549447435533,0.23916123547747237,0.24190044394068197,0.003675276557729992,157
22,0.014334996541341146,0.0021601318456904903,0.016301711400349934,0.009169240867651971,0.1,auto,poly,25,"{'C': 0.1, 'gamma': 'auto', 'kernel': 'poly', 'max_iter': 25}",0.24001133465570984,0.25701331822045903,0.23944460187021818,0.24548975158212902,0.00815167621059465,151
23,1.9787020683288574,0.1396906385514857,0.4137992064158122,0.026041365802383625,0.1,auto,poly,-1,"{'C': 0.1, 'gamma': 'auto', 'kernel': 'poly', 'max_iter': -1}",0.7591385661660527,0.7619722300935109,0.7611221309152735,0.760744309058279,0.0011872867752882406,13
24,0.009287754694620768,0.0034746712028160018,0.004478931427001953,0.0013519180418209585,0.1,auto,rbf,5,"{'C': 0.1, 'gamma': 'auto', 'kernel': 'rbf', 'max_iter': 5}",0.578917540379711,0.7081326154718051,0.6749787475205441,0.6540096344573533,0.054796056334718915,62
25,0.011836846669514975,0.001316110153301316,0.007013956705729167,0.0018223249178814813,0.1,auto,rbf,10,"{'C': 0.1, 'gamma': 'auto', 'kernel': 'rbf', 'max_iter': 10}",0.6914139982998017,0.7288183621422499,0.695664494190989,0.7052989515443469,0.016721018409670642,39
26,0.016917626063028973,0.00198774972213353,0.020630280176798504,0.002294564859177681,0.1,auto,rbf,25,"{'C': 0.1, 'gamma': 'auto', 'kernel': 'rbf', 'max_iter': 25}",0.6421082459620289,0.7231510342873335,0.6222725984698215,0.6625106262397279,0.0436371977712735,55
27,1.4332884152730305,0.00868347117181814,1.6437773704528809,0.009912160291681304,0.1,auto,rbf,-1,"{'C': 0.1, 'gamma': 'auto', 'kernel': 'rbf', 'max_iter': -1}",0.7619722300935109,0.7619722300935109,0.7619722300935109,0.7619722300935109,0.0,1
28,0.01784547170003255,0.008383151503511476,0.004289309183756511,0.001212200250639776,0.1,auto,sigmoid,5,"{'C': 0.1, 'gamma': 'auto', 'kernel': 'sigmoid', 'max_iter': 5}",0.4188155284783225,0.2995182771323321,0.5383961462170587,0.418909983942571,0.09752150455494757,111
29,0.019932905832926433,0.009898739739493142,0.007714668909708659,0.006521902070390628,0.1,auto,sigmoid,10,"{'C': 0.1, 'gamma': 'auto', 'kernel': 'sigmoid', 'max_iter': 10}",0.35732502125247945,0.2992349107395863,0.5596486256729952,0.40540285255502034,0.11161670761560558,117
30,0.02818743387858073,0.005230055023893194,0.0077046553293863935,0.0008105957113864082,0.1,auto,sigmoid,25,"{'C': 0.1, 'gamma': 'auto', 'kernel': 'sigmoid', 'max_iter': 25}",0.4740719750637574,0.7580051005950694,0.5913856616605271,0.6078209124397846,0.11649633197266415,76
31,1.9493430455525715,0.06333943055233154,0.5840820471445719,0.018662330523755346,0.1,auto,sigmoid,-1,"{'C': 0.1, 'gamma': 'auto', 'kernel': 'sigmoid', 'max_iter': -1}",0.7605553981297818,0.7599886653442902,0.7605553981297818,0.7603664872012845,0.00026716039716122243,18
32,0.008798042933146158,0.00069677538658595,0.004088958104451497,0.0022003780507599156,1,scale,linear,5,"{'C': 1, 'gamma': 'scale', 'kernel': 'linear', 'max_iter': 5}",0.3519410597903089,0.7551714366676112,0.25984698214791724,0.4556531595352791,0.21510265539418008,99
33,0.012941598892211914,0.0031965973875285234,0.0028142929077148438,0.0006050760105241775,1,scale,linear,10,"{'C': 1, 'gamma': 'scale', 'kernel': 'linear', 'max_iter': 10}",0.5664494190988949,0.29016718617172005,0.49787475205440634,0.4514971191083405,0.11746242430685777,101
34,0.013347466786702475,0.002605285168007459,0.012298504511515299,0.0008692501257428124,1,scale,linear,25,"{'C': 1, 'gamma': 'scale', 'kernel': 'linear', 'max_iter': 25}",0.6106545763672429,0.2504958911873052,0.2550297534712383,0.3720600736752621,0.16872194386608919,132
35,1.153295596440633,0.02331722084159261,0.4362176259358724,0.027242208207194276,1,scale,linear,-1,"{'C': 1, 'gamma': 'scale', 'kernel': 'linear', 'max_iter': -1}",0.761688863700765,0.7619722300935109,0.7619722300935109,0.7618777746292623,0.00013358019858063737,3
36,0.007857640584309896,0.0012423391380914244,0.0030559698740641275,0.0017999401045401305,1,scale,poly,5,"{'C': 1, 'gamma': 'scale', 'kernel': 'poly', 'max_iter': 5}",0.23859450269198074,0.2453952961178804,0.7242844998583168,0.40275809955605935,0.22737044995088387,121
37,0.010928869247436523,0.0016079800716329174,0.004841407140096028,0.002789270103285514,1,scale,poly,10,"{'C': 1, 'gamma': 'scale', 'kernel': 'poly', 'max_iter': 10}",0.7517710399546613,0.24709549447435533,0.7599886653442902,0.5862850665911022,0.23986670842548852,80
38,0.020709117253621418,0.0028747163368403115,0.006027619043986003,0.001449052621597866,1,scale,poly,25,"{'C': 1, 'gamma': 'scale', 'kernel': 'poly', 'max_iter': 25}",0.2465287616888637,0.2493624256163219,0.23916123547747237,0.24501747426088602,0.0042995396908438845,154
39,3.3926722208658853,0.055398397209315345,0.44466431935628253,0.031711197792630076,1,scale,poly,-1,"{'C': 1, 'gamma': 'scale', 'kernel': 'poly', 'max_iter': -1}",0.7480872768489657,0.7534712383111363,0.7557381694531029,0.7524322282044015,0.0032087064799212472,20
40,0.010256687800089518,0.0033980769689613433,0.007457892100016276,0.0027425126921529035,1,scale,rbf,5,"{'C': 1, 'gamma': 'scale', 'kernel': 'rbf', 'max_iter': 5}",0.5806177387361859,0.7072825162935675,0.6752621139132898,0.6543874563143478,0.0537761097255404,59
41,0.009003400802612305,0.0030063266924507323,0.006079276402791341,0.0002352613845025647,1,scale,rbf,10,"{'C': 1, 'gamma': 'scale', 'kernel': 'rbf', 'max_iter': 10}",0.6922640974780391,0.7276848965712667,0.6950977614054973,0.705015585151601,0.016071313428897307,42
42,0.021023273468017578,0.002835695100633631,0.017189820607503254,0.003526949076224625,1,scale,rbf,25,"{'C': 1, 'gamma': 'scale', 'kernel': 'rbf', 'max_iter': 25}",0.6443751771039955,0.7203173703598753,0.6219892320770757,0.6622272598469822,0.04208030686070919,57
43,1.8744669755299885,0.013322603775049856,1.7216110229492188,0.035686299438982536,1,scale,rbf,-1,"{'C': 1, 'gamma': 'scale', 'kernel': 'rbf', 'max_iter': -1}",0.7585718333805611,0.7614054973080193,0.7611221309152735,0.7603664872012846,0.001274273879591198,17
44,0.010279337565104166,0.0029104003270388505,0.0034356911977132163,0.0016068148319585346,1,scale,sigmoid,5,"{'C': 1, 'gamma': 'scale', 'kernel': 'sigmoid', 'max_iter': 5}",0.41824879569283085,0.2995182771323321,0.5383961462170587,0.41872107301407385,0.0975220534683175,114
45,0.01407623291015625,0.0032250999255554248,0.006347099939982097,0.0029086156367908824,1,scale,sigmoid,10,"{'C': 1, 'gamma': 'scale', 'kernel': 'sigmoid', 'max_iter': 10}",0.356474922074242,0.3488240294701048,0.5593652592802494,0.42155473694153206,0.09749680025471807,109
46,0.02675763765970866,0.007556430089362368,0.009736299514770508,0.003115417613614163,1,scale,sigmoid,25,"{'C': 1, 'gamma': 'scale', 'kernel': 'sigmoid', 'max_iter': 25}",0.7169169736469255,0.33380561065457637,0.5905355624822896,0.5470860489279304,0.15939358892282274,85
47,1.9942489465077717,0.1252470724813405,0.5445483525594076,0.01699036027788076,1,scale,sigmoid,-1,"{'C': 1, 'gamma': 'scale', 'kernel': 'sigmoid', 'max_iter': -1}",0.6871635024086143,0.7052989515443469,0.7013318220459054,0.6979314253329555,0.007784414008892614,49
48,0.00950169563293457,0.002258789949502237,0.00226744016011556,0.0004590748485186505,1,auto,linear,5,"{'C': 1, 'gamma': 'auto', 'kernel': 'linear', 'max_iter': 5}",0.3519410597903089,0.7551714366676112,0.25984698214791724,0.4556531595352791,0.21510265539418008,99
49,0.009232680002848307,0.004259782068606125,0.0025496482849121094,0.00019214742843340742,1,auto,linear,10,"{'C': 1, 'gamma': 'auto', 'kernel': 'linear', 'max_iter': 10}",0.5664494190988949,0.29016718617172005,0.49787475205440634,0.4514971191083405,0.11746242430685777,101
50,0.016351938247680664,0.002304727436436576,0.00939504305521647,0.0028879094958671114,1,auto,linear,25,"{'C': 1, 'gamma': 'auto', 'kernel': 'linear', 'max_iter': 25}",0.6106545763672429,0.2504958911873052,0.2550297534712383,0.3720600736752621,0.16872194386608919,132
51,1.223950703938802,0.01539484001932896,0.4478713671366374,0.012836910539786542,1,auto,linear,-1,"{'C': 1, 'gamma': 'auto', 'kernel': 'linear', 'max_iter': -1}",0.761688863700765,0.7619722300935109,0.7619722300935109,0.7618777746292623,0.00013358019858063737,3
52,0.010631402333577475,0.0005421688930851282,0.0020852883656819663,0.00011969631104455413,1,auto,poly,5,"{'C': 1, 'gamma': 'auto', 'kernel': 'poly', 'max_iter': 5}",0.23859450269198074,0.2453952961178804,0.7242844998583168,0.40275809955605935,0.22737044995088387,121
53,0.012389580408732096,0.00011709990802420021,0.003428379694620768,0.0011745303964020145,1,auto,poly,10,"{'C': 1, 'gamma': 'auto', 'kernel': 'poly', 'max_iter': 10}",0.7146500425049589,0.24709549447435533,0.760272031737036,0.5740058562387834,0.231909651871995,82
54,0.015079657236735025,0.001722708478328964,0.008534510930379232,0.001153808090509713,1,auto,poly,25,"{'C': 1, 'gamma': 'auto', 'kernel': 'poly', 'max_iter': 25}",0.24596202890337207,0.25106262397279683,0.23916123547747237,0.24539529611788044,0.004875219760296193,153
55,3.624856869379679,0.17577664666774087,0.4604055881500244,0.012578410527652545,1,auto,poly,-1,"{'C': 1, 'gamma': 'auto', 'kernel': 'poly', 'max_iter': -1}",0.7478039104562199,0.7534712383111363,0.7557381694531029,0.752337772740153,0.003336832291046725,21
56,0.012659072875976562,0.0029066934223673435,0.003911336263020833,4.035891291302362e-05,1,auto,rbf,5,"{'C': 1, 'gamma': 'auto', 'kernel': 'rbf', 'max_iter': 5}",0.578917540379711,0.7081326154718051,0.6749787475205441,0.6540096344573533,0.054796056334718915,62
57,0.011850992838541666,0.0032782943742542757,0.009209553400675455,0.0038469536897471003,1,auto,rbf,10,"{'C': 1, 'gamma': 'auto', 'kernel': 'rbf', 'max_iter': 10}",0.6914139982998017,0.7288183621422499,0.695664494190989,0.7052989515443469,0.016721018409670642,39
58,0.018997033437093098,0.0007458408524458019,0.024537324905395508,0.006104985084445207,1,auto,rbf,25,"{'C': 1, 'gamma': 'auto', 'kernel': 'rbf', 'max_iter': 25}",0.6421082459620289,0.7231510342873335,0.6222725984698215,0.6625106262397279,0.0436371977712735,55
59,1.9557477633158367,0.04488882638185059,1.810882329940796,0.013466672850438004,1,auto,rbf,-1,"{'C': 1, 'gamma': 'auto', 'kernel': 'rbf', 'max_iter': -1}",0.7591385661660527,0.7611221309152735,0.7611221309152735,0.7604609426655332,0.0009350613900644093,15
60,0.009916305541992188,0.004028224756729776,0.004536628723144531,0.0018790384297507708,1,auto,sigmoid,5,"{'C': 1, 'gamma': 'auto', 'kernel': 'sigmoid', 'max_iter': 5}",0.4188155284783225,0.2995182771323321,0.5383961462170587,0.418909983942571,0.09752150455494757,111
61,0.015074332555135092,0.0026103035138936117,0.005290587743123372,0.0015133543555006796,1,auto,sigmoid,10,"{'C': 1, 'gamma': 'auto', 'kernel': 'sigmoid', 'max_iter': 10}",0.35732502125247945,0.2992349107395863,0.5596486256729952,0.40540285255502034,0.11161670761560558,117
62,0.02755141258239746,0.00369156600120748,0.013918320337931315,0.004375932489231847,1,auto,sigmoid,25,"{'C': 1, 'gamma': 'auto', 'kernel': 'sigmoid', 'max_iter': 25}",0.6865967696231227,0.7580051005950694,0.5913856616605271,0.6786625106262397,0.06825307664414665,53
63,2.204459031422933,0.15589369432391328,0.5880579948425293,0.013475057143936217,1,auto,sigmoid,-1,"{'C': 1, 'gamma': 'auto', 'kernel': 'sigmoid', 'max_iter': -1}",0.6894304335505809,0.6928308302635308,0.7041654859733636,0.6954755832624917,0.006299549258726033,50
64,0.011328299840291342,0.0004905126191780424,0.0021130243937174478,0.00021991227367457097,10,scale,linear,5,"{'C': 10, 'gamma': 'scale', 'kernel': 'linear', 'max_iter': 5}",0.6265230943610088,0.4332672145083593,0.5879852649475772,0.5492585246056484,0.08351358806620954,83
65,0.0133360226949056,0.0005587028065937513,0.002684911092122396,0.00012320272225187405,10,scale,linear,10,"{'C': 10, 'gamma': 'scale', 'kernel': 'linear', 'max_iter': 10}",0.4049305752337773,0.4485689997166336,0.498441484839898,0.4506470199301029,0.03820393679405923,103
66,0.015776395797729492,0.001106433317362993,0.008473952611287435,0.00025824275008056276,10,scale,linear,25,"{'C': 10, 'gamma': 'scale', 'kernel': 'linear', 'max_iter': 25}",0.4327004817228677,0.36837631056956643,0.2898838197789742,0.3636535373571361,0.05840021787808172,136
67,2002.999054590861,177.04848064689864,0.5833086967468262,0.010383297475055064,10,scale,linear,-1,"{'C': 10, 'gamma': 'scale', 'kernel': 'linear', 'max_iter': -1}",0.761688863700765,0.7619722300935109,0.7619722300935109,0.7618777746292623,0.00013358019858063737,3
68,0.009714444478352865,0.0029354547901700124,0.0026481151580810547,0.0008377712691045068,10,scale,poly,5,"{'C': 10, 'gamma': 'scale', 'kernel': 'poly', 'max_iter': 5}",0.23774440351374326,0.23916123547747237,0.7242844998583168,0.4003967129498441,0.22902398089072754,125
69,0.009192069371541342,0.002637866106607852,0.0035729408264160156,0.0010711688537696953,10,scale,poly,10,"{'C': 10, 'gamma': 'scale', 'kernel': 'poly', 'max_iter': 10}",0.24142816661943894,0.607254179654293,0.31283649759138565,0.38717294795503915,0.15832792729594536,129
70,0.019896745681762695,0.0076567810159795455,0.007797638575236003,0.0032152529567465783,10,scale,poly,25,"{'C': 10, 'gamma': 'scale', 'kernel': 'poly', 'max_iter': 25}",0.2589968829696798,0.2465287616888637,0.24964579200906772,0.2517238122225371,0.005297932809060239,148
71,19.38595716158549,10.268671404450117,0.49059605598449707,0.03248641822829803,10,scale,poly,-1,"{'C': 10, 'gamma': 'scale', 'kernel': 'poly', 'max_iter': -1}",0.7404363842448286,0.7424199489940493,0.7404363842448286,0.7410975724945689,0.0009350613900643571,26
72,0.01067193349202474,0.0036421866800943614,0.005102316538492839,0.0007548030566235953,10,scale,rbf,5,"{'C': 10, 'gamma': 'scale', 'kernel': 'rbf', 'max_iter': 5}",0.5806177387361859,0.7072825162935675,0.6752621139132898,0.6543874563143478,0.0537761097255404,59
73,0.009309927622477213,0.0013825280496853759,0.018820444742838543,0.0033483473691500194,10,scale,rbf,10,"{'C': 10, 'gamma': 'scale', 'kernel': 'rbf', 'max_iter': 10}",0.6922640974780391,0.7276848965712667,0.6950977614054973,0.705015585151601,0.016071313428897307,42
74,0.022344350814819336,0.0011165083426088666,0.025594393412272137,0.0035241221651821876,10,scale,rbf,25,"{'C': 10, 'gamma': 'scale', 'kernel': 'rbf', 'max_iter': 25}",0.6443751771039955,0.7599886653442902,0.6990648909039388,0.7011429111174081,0.04722187552238815,46
75,3.233771562576294,0.010436498734395361,1.8915385405222576,0.06361589746982955,10,scale,rbf,-1,"{'C': 10, 'gamma': 'scale', 'kernel': 'rbf', 'max_iter': -1}",0.7449702465287616,0.746103712099745,0.7469538112779824,0.7460092566354963,0.0008125366267160534,24
76,0.008924643198649088,0.003249374001508572,0.0029706954956054688,0.0005526863905616294,10,scale,sigmoid,5,"{'C': 10, 'gamma': 'scale', 'kernel': 'sigmoid', 'max_iter': 5}",0.41824879569283085,0.2995182771323321,0.5383961462170587,0.41872107301407385,0.0975220534683175,114
77,0.016175508499145508,0.006798449064891408,0.005349874496459961,0.0018999189372566555,10,scale,sigmoid,10,"{'C': 10, 'gamma': 'scale', 'kernel': 'sigmoid', 'max_iter': 10}",0.7206007367526212,0.3488240294701048,0.5593652592802494,0.5429300085009917,0.15222147925657595,88
78,0.027481714884440105,0.0031157019519562367,0.011802593866984049,0.002861828070401615,10,scale,sigmoid,25,"{'C': 10, 'gamma': 'scale', 'kernel': 'sigmoid', 'max_iter': 25}",0.7234344006800794,0.5840181354491357,0.6013034854066308,0.6362520071786153,0.06204983552635393,71
79,1.9185064633687336,0.03849418379573381,0.515681266784668,0.014600664382129726,10,scale,sigmoid,-1,"{'C': 10, 'gamma': 'scale', 'kernel': 'sigmoid', 'max_iter': -1}",0.6409747803910456,0.6426749787475206,0.6548597336355908,0.646169830924719,0.006183767754163746,66
80,0.011922438939412435,0.0011343532119346108,0.0024466514587402344,0.0004398639928433838,10,auto,linear,5,"{'C': 10, 'gamma': 'auto', 'kernel': 'linear', 'max_iter': 5}",0.6265230943610088,0.4332672145083593,0.5879852649475772,0.5492585246056484,0.08351358806620954,83
81,0.01239792505900065,0.0035799059081061753,0.004435300827026367,0.001384000815031442,10,auto,linear,10,"{'C': 10, 'gamma': 'auto', 'kernel': 'linear', 'max_iter': 10}",0.4049305752337773,0.4485689997166336,0.498441484839898,0.4506470199301029,0.03820393679405923,103
82,0.01725347836812337,0.0033742717142224766,0.005134741465250651,0.00019362429993386132,10,auto,linear,25,"{'C': 10, 'gamma': 'auto', 'kernel': 'linear', 'max_iter': 25}",0.4327004817228677,0.36837631056956643,0.2898838197789742,0.3636535373571361,0.05840021787808172,136
83,2009.1811709403992,178.22661466447357,0.5754660765329996,0.004395032584826707,10,auto,linear,-1,"{'C': 10, 'gamma': 'auto', 'kernel': 'linear', 'max_iter': -1}",0.761688863700765,0.7619722300935109,0.7619722300935109,0.7618777746292623,0.00013358019858063737,3
84,0.009382088979085287,0.0003235433137993735,0.004634857177734375,0.0006728123581996244,10,auto,poly,5,"{'C': 10, 'gamma': 'auto', 'kernel': 'poly', 'max_iter': 5}",0.23774440351374326,0.23916123547747237,0.7242844998583168,0.4003967129498441,0.22902398089072754,125
85,0.010862112045288086,0.00273658578146772,0.003141641616821289,0.00036589617041527943,10,auto,poly,10,"{'C': 10, 'gamma': 'auto', 'kernel': 'poly', 'max_iter': 10}",0.24086143383394729,0.5332955511476339,0.32077075658826865,0.36497591385661665,0.12340988666255849,135
86,0.019477287928263348,0.004531001130087114,0.006979942321777344,0.001064330232199141,10,auto,poly,25,"{'C': 10, 'gamma': 'auto', 'kernel': 'poly', 'max_iter': 25}",0.24992915840181354,0.247662227259847,0.24964579200906772,0.2490790592235761,0.0010085083831143152,150
87,24.790380716323853,14.640110277546412,0.5686825116475424,0.05202724957985607,10,auto,poly,-1,"{'C': 10, 'gamma': 'auto', 'kernel': 'poly', 'max_iter': -1}",0.7404363842448286,0.7424199489940493,0.7404363842448286,0.7410975724945689,0.0009350613900643571,26
88,0.011330048243204752,0.004816372755234564,0.013615767161051432,0.0066407171174736965,10,auto,rbf,5,"{'C': 10, 'gamma': 'auto', 'kernel': 'rbf', 'max_iter': 5}",0.578917540379711,0.7081326154718051,0.6749787475205441,0.6540096344573533,0.054796056334718915,62
89,0.01043240229288737,0.0023216160369198763,0.013972282409667969,0.004764223571473329,10,auto,rbf,10,"{'C': 10, 'gamma': 'auto', 'kernel': 'rbf', 'max_iter': 10}",0.6914139982998017,0.7288183621422499,0.695664494190989,0.7052989515443469,0.016721018409670642,39
90,0.028614600499471027,0.005807519445041848,0.02826070785522461,0.002727573324258964,10,auto,rbf,25,"{'C': 10, 'gamma': 'auto', 'kernel': 'rbf', 'max_iter': 25}",0.6421082459620289,0.7597052989515444,0.6996316236894304,0.7004817228676679,0.04801255890850754,47
91,4.455383539199829,0.1774061206177635,2.5872589747111,0.0981438767628734,10,auto,rbf,-1,"{'C': 10, 'gamma': 'auto', 'kernel': 'rbf', 'max_iter': -1}",0.7449702465287616,0.746103712099745,0.7469538112779824,0.7460092566354963,0.0008125366267160534,24
92,0.012526671091715494,0.0036652347723320163,0.004087368647257487,0.0014355929025538193,10,auto,sigmoid,5,"{'C': 10, 'gamma': 'auto', 'kernel': 'sigmoid', 'max_iter': 5}",0.4188155284783225,0.2995182771323321,0.5383961462170587,0.418909983942571,0.09752150455494757,111
93,0.02673935890197754,0.008168558685579483,0.009053230285644531,0.0036602668951517224,10,auto,sigmoid,10,"{'C': 10, 'gamma': 'auto', 'kernel': 'sigmoid', 'max_iter': 10}",0.7217342023236044,0.2992349107395863,0.5596486256729952,0.5268725795787287,0.1740346991175982,91
94,0.03641589482625326,0.0033121145640730484,0.012378295262654623,0.001750348255172595,10,auto,sigmoid,25,"{'C': 10, 'gamma': 'auto', 'kernel': 'sigmoid', 'max_iter': 25}",0.7234344006800794,0.5783508075942193,0.7274015301785208,0.6763955794842732,0.0693470379100356,54
95,2.620504379272461,0.18582335105422265,0.6914283434549967,0.03555735236111699,10,auto,sigmoid,-1,"{'C': 10, 'gamma': 'auto', 'kernel': 'sigmoid', 'max_iter': -1}",0.6457920090677246,0.643525077925758,0.6531595352791159,0.6474922074241994,0.0041128820359076545,65
96,0.01090224583943685,0.004335526375037649,0.003778696060180664,0.001827471550183947,100,scale,linear,5,"{'C': 100, 'gamma': 'scale', 'kernel': 'linear', 'max_iter': 5}",0.250779257580051,0.38934542363275715,0.5304618872201757,0.3901955228109946,0.11418153771389204,127
97,0.013708114624023438,0.00019002434394769596,0.0059443314870198565,0.0003382308702252831,100,scale,linear,10,"{'C': 100, 'gamma': 'scale', 'kernel': 'linear', 'max_iter': 10}",0.39954661377160666,0.4973080192689147,0.5100595069424766,0.4689713799943327,0.049365971635546464,97
98,0.022521336873372395,0.005918822228200858,0.011720975240071615,0.0011715117242240762,100,scale,linear,25,"{'C': 100, 'gamma': 'scale', 'kernel': 'linear', 'max_iter': 25}",0.38481156134882405,0.6511759705298952,0.4601870218192122,0.4987248512326438,0.11210522688236363,94
99,7892.083283742269,687.3200330461004,0.4544687271118164,0.005499669203503344,100,scale,linear,-1,"{'C': 100, 'gamma': 'scale', 'kernel': 'linear', 'max_iter': -1}",0.761688863700765,0.7619722300935109,0.7619722300935109,0.7618777746292623,0.00013358019858063737,3
100,0.007793505986531575,0.0010077540235483428,0.0033680597941080728,0.00041377681589505153,100,scale,poly,5,"{'C': 100, 'gamma': 'scale', 'kernel': 'poly', 'max_iter': 5}",0.23774440351374326,0.2411448002266931,0.7242844998583168,0.40105790119958434,0.2285599355892181,123
101,0.01087037722269694,0.0027723071547964984,0.006019274393717448,0.0016626594604450282,100,scale,poly,10,"{'C': 100, 'gamma': 'scale', 'kernel': 'poly', 'max_iter': 10}",0.23916123547747237,0.24142816661943894,0.23859450269198074,0.23972796826296403,0.0012242827426859127,160
102,0.022378047307332356,0.0014503563526314077,0.007882992426554361,0.0017363820712852835,100,scale,poly,25,"{'C': 100, 'gamma': 'scale', 'kernel': 'poly', 'max_iter': 25}",0.2604137149334089,0.24596202890337207,0.24341173136865968,0.24992915840181354,0.007486452147136823,149
103,380.9099084536235,223.32143456770962,0.546837568283081,0.010652365808627377,100,scale,poly,-1,"{'C': 100, 'gamma': 'scale', 'kernel': 'poly', 'max_iter': -1}",0.7268347973930291,0.7310852932842165,0.7344856899971663,0.7308019268914707,0.003129884108015681,29
104,0.013375282287597656,0.001709187003257734,0.006947676340738933,0.002106763667217385,100,scale,rbf,5,"{'C': 100, 'gamma': 'scale', 'kernel': 'rbf', 'max_iter': 5}",0.6384244828563332,0.760272031737036,0.6752621139132898,0.691319542835553,0.051023439448642675,51
105,0.0165865421295166,0.0009540096527859599,0.01458899180094401,0.0032876859348369316,100,scale,rbf,10,"{'C': 100, 'gamma': 'scale', 'kernel': 'rbf', 'max_iter': 10}",0.7330688580334372,0.761688863700765,0.7568716350240862,0.7505431189194295,0.012511695013456895,22
106,0.024126291275024414,0.0032180751415231395,0.026952664057413738,0.006835186819254799,100,scale,rbf,25,"{'C': 100, 'gamma': 'scale', 'kernel': 'rbf', 'max_iter': 25}",0.7497874752054406,0.7577217342023236,0.7526211391328989,0.7533767828468877,0.003282921922543249,19
107,10.587239901224772,0.4667940188843979,2.2696479956309,0.014598397094354135,100,scale,rbf,-1,"{'C': 100, 'gamma': 'scale', 'kernel': 'rbf', 'max_iter': -1}",0.7296684613204873,0.7322187588551998,0.7265514310002834,0.7294795503919902,0.0023175298283527536,31
108,0.015435298283894857,0.001675350988328714,0.003406365712483724,0.00041108481127118867,100,scale,sigmoid,5,"{'C': 100, 'gamma': 'scale', 'kernel': 'sigmoid', 'max_iter': 5}",0.41824879569283085,0.7441201473505242,0.604137149334089,0.5888353641258147,0.13347569798961692,79
109,0.018584330876668293,0.001786099481908989,0.006581942240397136,0.0005386407546908304,100,scale,sigmoid,10,"{'C': 100, 'gamma': 'scale', 'kernel': 'sigmoid', 'max_iter': 10}",0.45621989232077076,0.6778124114480023,0.7322187588551998,0.6220836875413244,0.11936809060848284,73
110,0.03166794776916504,0.003944242500985692,0.012402613957722982,0.0015357649241687329,100,scale,sigmoid,25,"{'C': 100, 'gamma': 'scale', 'kernel': 'sigmoid', 'max_iter': 25}",0.38197789742136584,0.738169453102862,0.7455369793142533,0.6218947766128271,0.1696735135514606,74
111,1.9654920895894368,0.06874361095166778,0.6184096336364746,0.026396429319122353,100,scale,sigmoid,-1,"{'C': 100, 'gamma': 'scale', 'kernel': 'sigmoid', 'max_iter': -1}",0.6392745820345707,0.6460753754604703,0.6486256729951828,0.6446585434967412,0.003946837142868861,68
112,0.011330922444661459,0.0005385304280845007,0.002629995346069336,4.400916794303233e-05,100,auto,linear,5,"{'C': 100, 'gamma': 'auto', 'kernel': 'linear', 'max_iter': 5}",0.250779257580051,0.38934542363275715,0.5304618872201757,0.3901955228109946,0.11418153771389204,127
113,0.015589078267415365,0.0022213206600195257,0.004720369974772136,0.0014984460615172848,100,auto,linear,10,"{'C': 100, 'gamma': 'auto', 'kernel': 'linear', 'max_iter': 10}",0.39954661377160666,0.4973080192689147,0.5100595069424766,0.4689713799943327,0.049365971635546464,97
114,0.020369291305541992,0.001217376191194408,0.008101463317871094,0.002386294441755187,100,auto,linear,25,"{'C': 100, 'gamma': 'auto', 'kernel': 'linear', 'max_iter': 25}",0.38481156134882405,0.6511759705298952,0.4601870218192122,0.4987248512326438,0.11210522688236363,94
115,7777.942237695058,623.8225796426693,0.4630770683288574,0.007226287462939069,100,auto,linear,-1,"{'C': 100, 'gamma': 'auto', 'kernel': 'linear', 'max_iter': -1}",0.761688863700765,0.7619722300935109,0.7619722300935109,0.7618777746292623,0.00013358019858063737,3
116,0.011303981145222982,5.3825718800295836e-05,0.002652406692504883,2.2779478110220817e-05,100,auto,poly,5,"{'C': 100, 'gamma': 'auto', 'kernel': 'poly', 'max_iter': 5}",0.23774440351374326,0.2411448002266931,0.7242844998583168,0.40105790119958434,0.2285599355892181,123
117,0.014775753021240234,0.00140477397583198,0.0042836666107177734,0.0006470313315974036,100,auto,poly,10,"{'C': 100, 'gamma': 'auto', 'kernel': 'poly', 'max_iter': 10}",0.23972796826296403,0.24171153301218476,0.23859450269198074,0.24001133465570987,0.00128820078369565,159
118,0.020097653071085613,0.001385755349370589,0.011430660883585611,0.002714321101901518,100,auto,poly,25,"{'C': 100, 'gamma': 'auto', 'kernel': 'poly', 'max_iter': 25}",0.2813828279965996,0.24992915840181354,0.24341173136865968,0.2582412392556909,0.016578481250768693,147
119,289.15166362126666,163.7586111933682,0.5503776868184408,0.003302472309789042,100,auto,poly,-1,"{'C': 100, 'gamma': 'auto', 'kernel': 'poly', 'max_iter': -1}",0.7268347973930291,0.7305185604987249,0.7344856899971663,0.7306130159629735,0.0031241778423616406,30
120,0.011980374654134115,0.0033756387365798976,0.008163372675577799,0.002124173444481154,100,auto,rbf,5,"{'C': 100, 'gamma': 'auto', 'kernel': 'rbf', 'max_iter': 5}",0.635590818928875,0.760272031737036,0.6749787475205441,0.6902805327288184,0.05203818905219895,52
121,0.014983654022216797,0.004124502255916407,0.01482232411702474,0.002963850707487275,100,auto,rbf,10,"{'C': 100, 'gamma': 'auto', 'kernel': 'rbf', 'max_iter': 10}",0.7200340039671295,0.761688863700765,0.7568716350240862,0.7461981675639935,0.01860508918859668,23
122,0.022229750951131184,0.0035112105906304654,0.022301355997721355,0.006183132608788391,100,auto,rbf,25,"{'C': 100, 'gamma': 'auto', 'kernel': 'rbf', 'max_iter': 25}",0.640408047605554,0.757155001416832,0.7529045055256447,0.7168225181826768,0.054061046752825234,36
123,10.492164055506388,0.5243452291642341,2.255843242009481,0.00866570327749007,100,auto,rbf,-1,"{'C': 100, 'gamma': 'auto', 'kernel': 'rbf', 'max_iter': -1}",0.7291017285349958,0.7313686596769623,0.7265514310002834,0.7290072730707472,0.001967759200528894,32
124,0.016513268152872723,0.0025763938461042255,0.005060116449991862,0.00250108219457638,100,auto,sigmoid,5,"{'C': 100, 'gamma': 'auto', 'kernel': 'sigmoid', 'max_iter': 5}",0.4188155284783225,0.7478039104562199,0.6038537829413432,0.5901577406252952,0.1346576524634501,78
125,0.017731666564941406,0.0013268218348462492,0.006717522939046224,0.001168027946251514,100,auto,sigmoid,10,"{'C': 100, 'gamma': 'auto', 'kernel': 'sigmoid', 'max_iter': 10}",0.4550864267497875,0.6523094361008784,0.731935392462454,0.6131104184377066,0.11637227531607786,75
126,0.0375361442565918,0.000890135884811804,0.017421166102091473,0.0021468513393255347,100,auto,sigmoid,25,"{'C': 100, 'gamma': 'auto', 'kernel': 'sigmoid', 'max_iter': 25}",0.38197789742136584,0.6174553697931425,0.7455369793142533,0.5816567488429206,0.15056550612751707,81
127,1.9358619848887126,0.018994366450002628,0.5786750316619873,0.009543921457265956,100,auto,sigmoid,-1,"{'C': 100, 'gamma': 'auto', 'kernel': 'sigmoid', 'max_iter': -1}",0.6336072541796542,0.6440918107112497,0.6463587418532162,0.64135260224804,0.005554431067531575,70
128,0.012332757314046225,0.00047613650078685556,0.0028243064880371094,0.0001695276252540754,1000,scale,linear,5,"{'C': 1000, 'gamma': 'scale', 'kernel': 'linear', 'max_iter': 5}",0.4239161235477472,0.38934542363275715,0.5304618872201757,0.44790781146689335,0.06005644506496693,106
129,0.015878995259602863,0.0014178208570236389,0.00563963254292806,0.0016085316894550704,1000,scale,linear,10,"{'C': 1000, 'gamma': 'scale', 'kernel': 'linear', 'max_iter': 10}",0.5477472371776707,0.4973080192689147,0.5100595069424766,0.518371587796354,0.02141411826969596,92
130,0.02150694529215495,0.002597102211822959,0.012403726577758789,0.002175773946312552,1000,scale,linear,25,"{'C': 1000, 'gamma': 'scale', 'kernel': 'linear', 'max_iter': 25}",0.5199773306885803,0.6511759705298952,0.4601870218192122,0.5437801076792291,0.07976684263841669,86
131,10607.917928059896,2209.91801449339,0.3442142804463704,0.04445115896051995,1000,scale,linear,-1,"{'C': 1000, 'gamma': 'scale', 'kernel': 'linear', 'max_iter': -1}",0.761688863700765,0.7619722300935109,0.7619722300935109,0.7618777746292623,0.00013358019858063737,3
132,0.013832648595174154,0.0044117567013196865,0.004836320877075195,0.001760797605490608,1000,scale,poly,5,"{'C': 1000, 'gamma': 'scale', 'kernel': 'poly', 'max_iter': 5}",0.2451119297251346,0.24822896004533862,0.24001133465570984,0.24445074147539433,0.0033872524940098394,155
133,0.012815554936726889,0.0025072541641447247,0.004444440205891927,0.0014846997857296184,1000,scale,poly,10,"{'C': 1000, 'gamma': 'scale', 'kernel': 'poly', 'max_iter': 10}",0.2465287616888637,0.31141966562765655,0.5038254463020686,0.3539246245395296,0.10925627251958815,138
134,0.01804804801940918,0.0033170722421691926,0.009298960367838541,0.002272813600923783,1000,scale,poly,25,"{'C': 1000, 'gamma': 'scale', 'kernel': 'poly', 'max_iter': 25}",0.26268064607537545,0.4358175120430717,0.2703315386795126,0.3229432322659866,0.07987526240251848,143
135,2372.4825378259025,879.6976102001673,0.5148268540700277,0.010954271621217251,1000,scale,poly,-1,"{'C': 1000, 'gamma': 'scale', 'kernel': 'poly', 'max_iter': -1}",0.720884103145367,0.727118163785775,0.730235194105979,0.7260791536790402,0.0038876198407965606,34
136,0.01194159189860026,0.00011242143203759198,0.00525204340616862,2.0741350626452775e-05,1000,scale,rbf,5,"{'C': 1000, 'gamma': 'scale', 'kernel': 'rbf', 'max_iter': 5}",0.6449419098894871,0.451119297251346,0.706715783508076,0.6009256635496364,0.10888974057300503,77
137,0.013964970906575521,0.0003116361172052856,0.00903630256652832,0.000516813870324514,1000,scale,rbf,10,"{'C': 1000, 'gamma': 'scale', 'kernel': 'rbf', 'max_iter': 10}",0.7435534145650325,0.7410031170303202,0.7299518277132332,0.738169453102862,0.005903277601586747,28
138,0.03130857149759928,0.008949525886651903,0.024848779042561848,0.005276880733355842,1000,scale,rbf,25,"{'C': 1000, 'gamma': 'scale', 'kernel': 'rbf', 'max_iter': 25}",0.720884103145367,0.648342306602437,0.7305185604987249,0.6999149900821763,0.036678894504419024,48
139,36.51351602872213,1.3413907630571256,2.0013034343719482,0.018528122362586025,1000,scale,rbf,-1,"{'C': 1000, 'gamma': 'scale', 'kernel': 'rbf', 'max_iter': -1}",0.7007650892604137,0.7106829130065174,0.706715783508076,0.7060545952583356,0.004075838105297338,37
140,0.012303908665974935,3.642233443413287e-05,0.0028040409088134766,0.0001629514972659782,1000,scale,sigmoid,5,"{'C': 1000, 'gamma': 'scale', 'kernel': 'sigmoid', 'max_iter': 5}",0.5143100028336639,0.5423632757155001,0.2896004533862284,0.4487579106451309,0.11312255501795446,105
141,0.014775435129801432,0.0007780617904528674,0.00432594617207845,0.0007520879804038949,1000,scale,sigmoid,10,"{'C': 1000, 'gamma': 'scale', 'kernel': 'sigmoid', 'max_iter': 10}",0.2451119297251346,0.2827996599603287,0.3029186738452819,0.27694342117691506,0.023960057957071186,145
142,0.031335035959879555,0.0031079062533483372,0.011678298314412435,0.00244573317688699,1000,scale,sigmoid,25,"{'C': 1000, 'gamma': 'scale', 'kernel': 'sigmoid', 'max_iter': 25}",0.4995749504108813,0.312269764805894,0.3000850099178237,0.370643241711533,0.09130409335117745,134
143,1.845029354095459,0.01251834628151831,0.5582686265309652,0.012100362909547245,1000,scale,sigmoid,-1,"{'C': 1000, 'gamma': 'scale', 'kernel': 'sigmoid', 'max_iter': -1}",0.6330405213941627,0.6491924057806744,0.6520260697081326,0.6447529989609898,0.008362376491505171,67
144,0.009496291478474935,0.002542328618386206,0.0024977525075276694,0.00010705557635837888,1000,auto,linear,5,"{'C': 1000, 'gamma': 'auto', 'kernel': 'linear', 'max_iter': 5}",0.4239161235477472,0.38934542363275715,0.5304618872201757,0.44790781146689335,0.06005644506496693,106
145,0.0142822265625,0.0010249378364744276,0.004469394683837891,0.001536907151337924,1000,auto,linear,10,"{'C': 1000, 'gamma': 'auto', 'kernel': 'linear', 'max_iter': 10}",0.5477472371776707,0.4973080192689147,0.5100595069424766,0.518371587796354,0.02141411826969596,92
146,0.018737395604451496,0.000628107078620061,0.008083422978719076,0.0023064832876047146,1000,auto,linear,25,"{'C': 1000, 'gamma': 'auto', 'kernel': 'linear', 'max_iter': 25}",0.5199773306885803,0.6511759705298952,0.4601870218192122,0.5437801076792291,0.07976684263841669,86
147,7801.297628561656,948.528425780513,0.23230806986490884,0.021416654630754702,1000,auto,linear,-1,"{'C': 1000, 'gamma': 'auto', 'kernel': 'linear', 'max_iter': -1}",0.761688863700765,0.7619722300935109,0.7619722300935109,0.7618777746292623,0.00013358019858063737,3
148,0.011351267496744791,0.0002743302737949025,0.002603769302368164,4.400529289216082e-05,1000,auto,poly,5,"{'C': 1000, 'gamma': 'auto', 'kernel': 'poly', 'max_iter': 5}",0.24426183054689715,0.24822896004533862,0.24001133465570984,0.24416737508264852,0.003355496300808839,156
149,0.014376084009806315,0.0011243835750202734,0.0058612823486328125,0.003442078562390015,1000,auto,poly,10,"{'C': 1000, 'gamma': 'auto', 'kernel': 'poly', 'max_iter': 10}",0.24567866251062623,0.31141966562765655,0.49220742419948993,0.3497685841125909,0.10423399076655766,139
150,0.01870878537495931,0.0009284356485624156,0.009328842163085938,0.0012876648652115682,1000,auto,poly,25,"{'C': 1000, 'gamma': 'auto', 'kernel': 'poly', 'max_iter': 25}",0.2604137149334089,0.27118163785775007,0.2700481722867668,0.2672145083593086,0.004831099216980976,146
151,1717.7135423024495,685.3745317121569,0.4587048689524333,0.06330253635493902,1000,auto,poly,-1,"{'C': 1000, 'gamma': 'auto', 'kernel': 'poly', 'max_iter': -1}",0.7211674695381127,0.727118163785775,0.730235194105979,0.7261736091432889,0.0037616525459034664,33
152,0.01161805788675944,0.0002528133723055667,0.0056035518646240234,0.0002711049545132125,1000,auto,rbf,5,"{'C': 1000, 'gamma': 'auto', 'kernel': 'rbf', 'max_iter': 5}",0.7214508359308586,0.451119297251346,0.7075658826863134,0.626712005289506,0.12429212181733182,72
153,0.013410647710164389,0.0004129377364495556,0.011023362477620443,0.0023557047764519888,1000,auto,rbf,10,"{'C': 1000, 'gamma': 'auto', 'kernel': 'rbf', 'max_iter': 10}",0.7308019268914707,0.70983281382828,0.7299518277132332,0.7235288561443279,0.009690780790539788,35
154,0.02724464734395345,0.006510144935023097,0.030219634373982746,0.0053356639138886245,1000,auto,rbf,25,"{'C': 1000, 'gamma': 'auto', 'kernel': 'rbf', 'max_iter': 25}",0.7174837064324171,0.7169169736469255,0.6707282516293568,0.7017096439028999,0.021908374303264356,45
155,37.44671599070231,2.108345049182871,1.96800700823466,0.012974705978984402,1000,auto,rbf,-1,"{'C': 1000, 'gamma': 'auto', 'kernel': 'rbf', 'max_iter': -1}",0.7010484556531595,0.7101161802210257,0.7061490507225843,0.7057712288655899,0.003711510853761856,38
156,0.011533101399739584,0.00031347732787536666,0.0028949578603108725,0.00014995427252092417,1000,auto,sigmoid,5,"{'C': 1000, 'gamma': 'auto', 'kernel': 'sigmoid', 'max_iter': 5}",0.5143100028336639,0.5463304052139416,0.2810994616038538,0.4472466232171531,0.11820881531218551,108
157,0.01427308718363444,0.0005663485458643404,0.004144350687662761,0.0001866148314077215,1000,auto,sigmoid,10,"{'C': 1000, 'gamma': 'auto', 'kernel': 'sigmoid', 'max_iter': 10}",0.3119863984131482,0.3066024369509776,0.3029186738452819,0.30716916973646924,0.0037235105968502925,144
158,0.027723948160807293,0.0019255235646368218,0.009953657786051432,0.0004157413144061449,1000,auto,sigmoid,25,"{'C': 1000, 'gamma': 'auto', 'kernel': 'sigmoid', 'max_iter': 25}",0.38282799659960326,0.3488240294701048,0.3000850099178237,0.34391234532917725,0.03395775750429216,140
159,1.8269273440043132,0.08488021973661153,0.5685489972432455,0.003367025781240993,1000,auto,sigmoid,-1,"{'C': 1000, 'gamma': 'auto', 'kernel': 'sigmoid', 'max_iter': -1}",0.6415415131765373,0.6387078492490791,0.6460753754604703,0.6421082459620289,0.0030343588182126812,69
